,date,time,event,platform,ad_id,client_union_id,campaign_union_id,ad_cost_type,ad_cost,has_video,target_audience_count
669245,2019-04-06,2019-04-05 21:43:23,click,ios,112583,111818,112260,CPM,210.1,0,22392
700670,2019-04-04,2019-04-03 21:51:38,view,web,39191,23986,39191,CPM,207.2,0,1856904
342036,2019-04-05,2019-04-05 14:15:01,view,android,28142,21115,28142,CPM,199.8,0,1852990
363440,2019-04-05,2019-04-05 14:49:22,click,android,112583,111818,112260,CPM,210.1,0,22392
871758,2019-04-04,2019-04-04 13:56:01,view,android,107729,107076,107728,CPM,190.9,0,39538534
948568,2019-04-04,2019-04-04 18:15:58,view,android,117396,117373,117396,CPM,198.3,0,268025
451141,2019-04-05,2019-04-05 16:54:31,view,ios,112583,111818,112260,CPM,210.1,0,22392
132807,2019-04-05,2019-04-05 08:09:07,view,web,112583,111818,112260,CPM,210.1,0,22392
649968,2019-04-06,2019-04-05 21:04:03,view,web,112583,111818,112260,CPM,210.1,0,22392
849686,2019-04-04,2019-04-04 12:37:39,view,ios,22679,4245,22679,CPM,199.8,0,853058
750098,2019-04-04,2019-04-04 05:23:37,view,web,107729,107076,107728,CPM,190.9,0,39538534
909513,2019-04-04,2019-04-04 16:03:32,view,android,105830,105608,105672,CPC,40.7,0,651042
386077,2019-04-05,2019-04-05 15:27:37,view,ios,112583,111818,112260,CPM,210.1,0,22392
708671,2019-04-04,2019-04-04 00:11:36,view,web,107729,107076,107728,CPM,190.9,0,39538534
645491,2019-04-03,2019-04-03 20:18:55,view,ios,116718,116474,116718,CPM,203.0,0,5159031
468575,2019-04-05,2019-04-05 17:25:12,view,ios,112583,111818,112260,CPM,210.1,0,22392
524736,2019-04-05,2019-04-05 18:13:50,view,web,112583,111818,112260,CPM,210.1,0,22392
405069,2019-04-05,2019-04-05 16:04:37,click,android,112583,111818,112260,CPM,210.1,0,22392
154188,2019-04-05,2019-04-05 08:55:12,view,android,112583,111818,112260,CPM,210.1,0,22392
441653,2019-04-05,2019-04-05 16:36:33,view,android,112583,111818,112260,CPM,210.1,0,22392
180702,2019-04-01,2019-04-01 12:02:59,click,ios,32088,21546,32088,CPM,203.9,0,185224
425615,2019-04-02,2019-04-02 16:41:37,view,android,117023,116676,117023,CPC,57.9,0,606712
250082,2019-04-02,2019-04-02 05:10:02,view,ios,117023,116676,117023,CPC,57.9,0,606712
327354,2019-04-05,2019-04-05 13:41:58,view,ios,112583,111818,112260,CPM,210.1,0,22392
900073,2019-04-04,2019-04-04 15:28:49,view,ios,107837,107340,107837,CPM,201.1,0,1540082
800190,2019-04-04,2019-04-04 09:29:33,view,web,107729,107076,107728,CPM,190.9,0,39538534
277848,2019-04-05,2019-04-05 11:57:51,view,ios,46829,43998,46829,CPC,48.7,0,1943008
273729,2019-04-05,2019-04-05 11:47:58,view,android,112583,111818,112260,CPM,210.1,0,22392
558010,2019-04-05,2019-04-05 19:14:35,view,android,112583,111818,112260,CPM,210.1,0,22392
701505,2019-04-04,2019-04-03 22:03:35,view,web,120538,120417,120519,CPC,48.7,0,271397
735356,2019-04-06,2019-04-05 23:20:40,view,ios,112583,111818,112260,CPM,210.1,0,22392
446044,2019-04-05,2019-04-05 16:42:31,view,android,112583,111818,112260,CPM,210.1,0,22392
673879,2019-04-06,2019-04-05 21:52:44,view,web,112583,111818,112260,CPM,210.1,0,22392
763420,2019-04-04,2019-04-04 07:09:18,view,android,107729,107076,107728,CPM,190.9,0,39538534
632294,2019-04-05,2019-04-05 20:50:47,click,ios,112583,111818,112260,CPM,210.1,0,22392
638629,2019-04-03,2019-04-03 18:18:58,view,web,116718,116474,116718,CPM,203.0,0,5159031
339662,2019-04-05,2019-04-05 14:10:00,view,android,112583,111818,112260,CPM,210.1,0,22392
593973,2019-04-05,2019-04-05 19:36:02,click,ios,112583,111818,112260,CPM,210.1,0,22392
538577,2019-04-05,2019-04-05 18:37:03,view,ios,18425,1494,18424,CPM,208.4,0,42258
402606,2019-04-05,2019-04-05 15:59:53,view,web,112583,111818,112260,CPM,210.1,0,22392
56373,2019-04-05,2019-04-05 00:27:11,view,web,112583,111818,112260,CPM,210.1,0,22392
86,2019-04-05,2019-04-04 21:00:26,view,ios,107729,107076,107728,CPM,190.9,0,39538534
917386,2019-04-04,2019-04-04 16:29:15,view,web,107837,107340,107837,CPM,201.1,0,1540082
141007,2019-04-05,2019-04-05 08:29:06,view,android,112583,111818,112260,CPM,210.1,0,22392
182935,2019-04-01,2019-04-01 13:31:57,view,android,17396,995,17391,CPM,185.4,0,997491
185406,2019-04-01,2019-04-01 15:18:37,view,android,121288,121288,121288,CPM,187.4,0,232011
966475,2019-04-04,2019-04-04 19:13:09,view,ios,107729,107076,107728,CPM,190.9,0,39538534
939349,2019-04-04,2019-04-04 17:46:34,view,android,20596,2302,20595,CPM,210.4,0,1106999
471924,2019-04-05,2019-04-05 17:33:16,view,android,28142,21115,28142,CPM,199.8,0,1852990
480987,2019-04-05,2019-04-05 17:46:47,view,ios,112583,111818,112260,CPM,210.1,0,22392
840138,2019-04-04,2019-04-04 11:58:02,view,ios,107729,107076,107728,CPM,190.9,0,39538534
471321,2019-04-05,2019-04-05 17:31:51,view,ios,28142,21115,28142,CPM,199.8,0,1852990
272408,2019-04-05,2019-04-05 11:45:33,click,android,112583,111818,112260,CPM,210.1,0,22392
142643,2019-04-05,2019-04-05 08:31:48,view,ios,112583,111818,112260,CPM,210.1,0,22392
294222,2019-04-05,2019-04-05 12:27:13,view,android,46629,42664,46629,CPM,214.4,0,699151
240953,2019-04-05,2019-04-05 11:29:25,view,web,112583,111818,112260,CPM,210.1,0,22392
509631,2019-04-03,2019-04-03 10:00:45,view,ios,39191,23986,39191,CPM,207.2,0,1856904
907097,2019-04-04,2019-04-04 15:54:36,view,android,107729,107076,107728,CPM,190.9,0,39538534
733408,2019-04-06,2019-04-05 23:16:42,view,android,112583,111818,112260,CPM,210.1,0,22392
386325,2019-04-05,2019-04-05 15:27:40,click,web,112583,111818,112260,CPM,210.1,0,22392
998836,2019-04-04,2019-04-04 20:57:24,view,ios,107729,107076,107728,CPM,190.9,0,39538534
649319,2019-04-06,2019-04-05 21:02:28,view,ios,112583,111818,112260,CPM,210.1,0,22392
773125,2019-04-06,2019-04-05 23:59:05,view,web,112583,111818,112260,CPM,210.1,0,22392
233593,2019-04-05,2019-04-05 11:13:11,view,android,112583,111818,112260,CPM,210.1,0,22392
208547,2019-04-05,2019-04-05 10:09:55,view,web,112583,111818,112260,CPM,210.1,0,22392
774723,2019-04-04,2019-04-04 07:57:53,view,android,107729,107076,107728,CPM,190.9,0,39538534
352953,2019-04-05,2019-04-05 14:36:09,view,android,38892,23715,38889,CPM,211.8,0,326926
164678,2019-04-05,2019-04-05 09:19:44,view,android,112583,111818,112260,CPM,210.1,0,22392
680319,2019-04-06,2019-04-05 22:07:41,view,android,112583,111818,112260,CPM,210.1,0,22392
773158,2019-04-06,2019-04-05 23:59:05,click,ios,112583,111818,112260,CPM,210.1,0,22392
542507,2019-04-05,2019-04-05 18:45:28,view,ios,12030,191,12021,CPM,195.8,0,109454
250487,2019-04-02,2019-04-02 05:38:00,view,android,4953,37,4406,CPC,53.2,0,154039
558271,2019-04-05,2019-04-05 19:14:52,view,ios,112583,111818,112260,CPM,210.1,0,22392
846727,2019-04-04,2019-04-04 12:25:01,view,web,107729,107076,107728,CPM,190.9,0,39538534
188259,2019-04-01,2019-04-01 17:24:41,view,web,34238,21943,34238,CPM,210.1,0,11235
304598,2019-04-05,2019-04-05 12:49:23,view,android,112583,111818,112260,CPM,210.1,0,22392
738935,2019-04-06,2019-04-05 23:29:48,view,web,112583,111818,112260,CPM,210.1,0,22392
398798,2019-04-05,2019-04-05 15:52:36,view,ios,112583,111818,112260,CPM,210.1,0,22392
131905,2019-04-05,2019-04-05 08:07:48,click,ios,112583,111818,112260,CPM,210.1,0,22392
306301,2019-04-05,2019-04-05 12:52:31,view,ios,112583,111818,112260,CPM,210.1,0,22392
253843,2019-04-02,2019-04-02 07:46:09,view,android,43790,30355,43789,CPC,52.4,0,25297
51141,2019-04-05,2019-04-05 00:00:05,view,web,112583,111818,112260,CPM,210.1,0,22392
385071,2019-04-05,2019-04-05 15:26:00,click,android,112583,111818,112260,CPM,210.1,0,22392
513234,2019-04-05,2019-04-05 17:57:14,view,android,112583,111818,112260,CPM,210.1,0,22392
671263,2019-04-06,2019-04-05 21:47:18,view,android,112583,111818,112260,CPM,210.1,0,22392
622663,2019-04-05,2019-04-05 20:31:46,view,android,46629,42664,46629,CPM,214.4,0,699151
410312,2019-04-05,2019-04-05 16:14:59,view,android,107539,106900,107538,CPC,44.3,0,81781
384233,2019-04-05,2019-04-05 15:24:50,view,web,112583,111818,112260,CPM,210.1,0,22392
459310,2019-04-05,2019-04-05 17:06:30,view,web,112583,111818,112260,CPM,210.1,0,22392
664038,2019-04-06,2019-04-05 21:31:36,view,web,112583,111818,112260,CPM,210.1,0,22392
731151,2019-04-06,2019-04-05 23:08:58,view,android,28142,21115,28142,CPM,199.8,0,1852990
557767,2019-04-05,2019-04-05 19:14:11,view,ios,112583,111818,112260,CPM,210.1,0,22392
425437,2019-04-02,2019-04-02 16:38:06,view,android,33064,21693,33064,CPM,195.7,0,33356
492905,2019-04-03,2019-04-02 22:48:08,view,web,117023,116676,117023,CPC,57.9,0,606712
419882,2019-04-02,2019-04-02 14:43:18,view,android,35568,22309,35562,CPM,193.6,0,12720
675463,2019-04-06,2019-04-05 21:55:22,click,web,112583,111818,112260,CPM,210.1,0,22392
590143,2019-04-05,2019-04-05 19:28:00,view,android,112583,111818,112260,CPM,210.1,0,22392
889055,2019-04-04,2019-04-04 14:51:21,view,android,107729,107076,107728,CPM,190.9,0,39538534
988552,2019-04-04,2019-04-04 20:26:02,view,web,107729,107076,107728,CPM,190.9,0,39538534
281841,2019-04-05,2019-04-05 12:03:45,view,android,37720,23200,37720,CPM,197.1,0,254654
790991,2019-04-04,2019-04-04 08:52:49,view,android,45008,34519,45008,CPM,199.7,0,5254815
458164,2019-04-05,2019-04-05 17:04:02,view,android,112583,111818,112260,CPM,210.1,0,22392
230777,2019-04-05,2019-04-05 11:06:05,view,ios,28142,21115,28142,CPM,199.8,0,1852990
797670,2019-04-04,2019-04-04 09:18:38,view,web,111250,111104,111249,CPM,217.9,0,3898755
690609,2019-04-06,2019-04-05 22:27:40,click,web,112583,111818,112260,CPM,210.1,0,22392
640615,2019-04-03,2019-04-03 18:55:11,view,android,117598,117439,117519,CPM,202.6,0,27536
994270,2019-04-04,2019-04-04 20:42:59,view,ios,107837,107340,107837,CPM,201.1,0,1540082
856169,2019-04-04,2019-04-04 13:00:23,view,android,45008,34519,45008,CPM,199.7,0,5254815
338482,2019-04-05,2019-04-05 14:06:39,click,android,112583,111818,112260,CPM,210.1,0,22392
720661,2019-04-04,2019-04-04 04:10:39,view,android,110531,110444,110522,CPM,200.5,0,6798067
598353,2019-04-05,2019-04-05 19:44:40,view,ios,112583,111818,112260,CPM,210.1,0,22392
11748,2019-04-05,2019-04-04 21:34:09,view,android,107729,107076,107728,CPM,190.9,0,39538534
143751,2019-04-05,2019-04-05 08:34:00,view,ios,112583,111818,112260,CPM,210.1,0,22392
352388,2019-04-05,2019-04-05 14:34:43,view,ios,112583,111818,112260,CPM,210.1,0,22392
484385,2019-04-05,2019-04-05 17:50:17,view,android,112583,111818,112260,CPM,210.1,0,22392
649615,2019-04-06,2019-04-05 21:03:29,view,android,112583,111818,112260,CPM,210.1,0,22392
627581,2019-04-05,2019-04-05 20:41:08,view,web,112583,111818,112260,CPM,210.1,0,22392
691383,2019-04-06,2019-04-05 22:28:26,view,android,112583,111818,112260,CPM,210.1,0,22392
634966,2019-04-05,2019-04-05 20:55:25,view,android,112583,111818,112260,CPM,210.1,0,22392
401446,2019-04-05,2019-04-05 15:58:12,view,android,44685,33292,44685,CPM,211.5,0,1134675
985890,2019-04-04,2019-04-04 20:14:39,view,android,107729,107076,107728,CPM,190.9,0,39538534
780795,2019-04-04,2019-04-04 08:21:24,view,android,45008,34519,45008,CPM,199.7,0,5254815
539877,2019-04-05,2019-04-05 18:39:19,view,ios,112583,111818,112260,CPM,210.1,0,22392
567025,2019-04-03,2019-04-03 12:40:05,view,android,116718,116474,116718,CPM,203.0,0,5159031
617428,2019-04-05,2019-04-05 20:21:59,view,ios,112583,111818,112260,CPM,210.1,0,22392
500281,2019-04-03,2019-04-03 06:47:45,view,android,39191,23986,39191,CPM,207.2,0,1856904
954293,2019-04-04,2019-04-04 18:33:26,view,ios,107837,107340,107837,CPM,201.1,0,1540082
679549,2019-04-06,2019-04-05 22:05:29,click,android,112583,111818,112260,CPM,210.1,0,22392
333213,2019-04-05,2019-04-05 13:53:34,view,android,112583,111818,112260,CPM,210.1,0,22392
767992,2019-04-04,2019-04-04 07:35:32,view,web,22490,3707,22490,CPM,197.0,0,5920993
911428,2019-04-04,2019-04-04 16:10:13,view,ios,107729,107076,107728,CPM,190.9,0,39538534
374459,2019-04-05,2019-04-05 15:06:23,view,android,112583,111818,112260,CPM,210.1,0,22392
383500,2019-04-05,2019-04-05 15:22:52,click,android,112583,111818,112260,CPM,210.1,0,22392
618885,2019-04-05,2019-04-05 20:23:55,view,android,98325,98070,98280,CPM,211.4,0,881688
407484,2019-04-05,2019-04-05 16:09:03,click,android,112583,111818,112260,CPM,210.1,0,22392
176136,2019-04-01,2019-04-01 08:45:33,view,android,22737,4466,22737,CPC,46.3,0,116880
495157,2019-04-03,2019-04-02 23:56:56,view,ios,43929,30722,43929,CPM,182.9,0,4795566
484712,2019-04-05,2019-04-05 17:51:35,view,android,112583,111818,112260,CPM,210.1,0,22392
987140,2019-04-04,2019-04-04 20:20:54,view,ios,107729,107076,107728,CPM,190.9,0,39538534
603938,2019-04-05,2019-04-05 19:52:49,view,web,112583,111818,112260,CPM,210.1,0,22392
213420,2019-04-05,2019-04-05 10:21:22,view,android,112583,111818,112260,CPM,210.1,0,22392
324871,2019-04-05,2019-04-05 13:35:18,click,ios,112583,111818,112260,CPM,210.1,0,22392
996867,2019-04-04,2019-04-04 20:52:11,view,android,107837,107340,107837,CPM,201.1,0,1540082
551862,2019-04-05,2019-04-05 19:02:18,view,android,112583,111818,112260,CPM,210.1,0,22392
451387,2019-04-05,2019-04-05 16:54:52,view,android,110120,110114,110114,CPM,206.4,0,211409
280084,2019-04-05,2019-04-05 12:00:13,click,web,112583,111818,112260,CPM,210.1,0,22392
248371,2019-04-02,2019-04-02 00:52:05,view,web,15926,645,15892,CPM,188.3,0,87378
380611,2019-04-05,2019-04-05 15:16:39,click,ios,112583,111818,112260,CPM,210.1,0,22392
17239,2019-04-05,2019-04-04 21:49:07,view,android,107729,107076,107728,CPM,190.9,0,39538534
215032,2019-04-05,2019-04-05 10:25:55,click,ios,112583,111818,112260,CPM,210.1,0,22392
425811,2019-04-02,2019-04-02 16:46:46,view,web,43929,30722,43929,CPM,182.9,0,4795566
9635,2019-04-05,2019-04-04 21:27:44,view,android,107729,107076,107728,CPM,190.9,0,39538534
646667,2019-04-03,2019-04-03 20:35:16,view,android,45839,38211,45839,CPM,199.2,0,28834
35010,2019-04-05,2019-04-04 22:45:15,view,web,107729,107076,107728,CPM,190.9,0,39538534
660139,2019-04-06,2019-04-05 21:24:22,view,web,112583,111818,112260,CPM,210.1,0,22392
337325,2019-04-05,2019-04-05 14:03:02,view,ios,112583,111818,112260,CPM,210.1,0,22392
976451,2019-04-04,2019-04-04 19:44:51,view,web,22490,3707,22490,CPM,197.0,0,5920993
627098,2019-04-05,2019-04-05 20:40:24,view,web,112583,111818,112260,CPM,210.1,0,22392
259772,2019-04-02,2019-04-02 10:01:06,view,ios,116158,116092,116158,CPM,208.5,0,46707392
988217,2019-04-04,2019-04-04 20:24:32,view,web,107729,107076,107728,CPM,190.9,0,39538534
335308,2019-04-05,2019-04-05 13:58:01,view,web,46629,42664,46629,CPM,214.4,0,699151
993869,2019-04-04,2019-04-04 20:41:20,view,android,38410,23468,38409,CPM,197.1,0,421507
55916,2019-04-05,2019-04-05 00:24:35,view,web,112583,111818,112260,CPM,210.1,0,22392
378380,2019-04-05,2019-04-05 15:12:30,view,android,112583,111818,112260,CPM,210.1,0,22392
740753,2019-04-06,2019-04-05 23:35:11,view,ios,44766,33560,44766,CPM,190.8,0,53521
4455,2019-04-05,2019-04-04 21:12:33,view,android,107729,107076,107728,CPM,190.9,0,39538534
295590,2019-04-05,2019-04-05 12:30:10,view,android,112583,111818,112260,CPM,210.1,0,22392
880113,2019-04-04,2019-04-04 14:21:49,view,android,107729,107076,107728,CPM,190.9,0,39538534
571057,2019-04-03,2019-04-03 13:53:16,view,ios,40987,25581,40986,CPM,201.0,0,2512711
538514,2019-04-05,2019-04-05 18:36:39,view,android,112583,111818,112260,CPM,210.1,0,22392
245332,2019-04-02,2019-04-01 22:04:18,view,web,15417,500,15210,CPC,56.9,0,182599
833643,2019-04-04,2019-04-04 11:32:28,view,android,107729,107076,107728,CPM,190.9,0,39538534
544219,2019-04-05,2019-04-05 18:48:02,view,ios,112583,111818,112260,CPM,210.1,0,22392
11804,2019-04-05,2019-04-04 21:34:44,view,ios,107837,107340,107837,CPM,201.1,0,1540082
920160,2019-04-04,2019-04-04 16:37:53,view,android,107837,107340,107837,CPM,201.1,0,1540082
930288,2019-04-04,2019-04-04 17:14:21,view,ios,29906,21261,29896,CPM,199.1,0,75120
837956,2019-04-04,2019-04-04 11:48:55,view,android,110531,110444,110522,CPM,200.5,0,6798067
306489,2019-04-05,2019-04-05 12:53:03,view,ios,112583,111818,112260,CPM,210.1,0,22392
215090,2019-04-05,2019-04-05 10:25:55,view,ios,112583,111818,112260,CPM,210.1,0,22392
891007,2019-04-04,2019-04-04 14:57:13,view,android,22490,3707,22490,CPM,197.0,0,5920993
182514,2019-04-01,2019-04-01 13:16:19,view,ios,40744,25305,40744,CPM,195.4,0,112276
856456,2019-04-04,2019-04-04 13:01:39,view,ios,107729,107076,107728,CPM,190.9,0,39538534
586112,2019-04-05,2019-04-05 19:20:59,view,ios,112583,111818,112260,CPM,210.1,0,22392
873331,2019-04-04,2019-04-04 14:00:44,view,android,2709,20,2464,CPM,191.5,0,165373
907612,2019-04-04,2019-04-04 15:56:48,view,android,20809,2426,20809,CPM,195.8,0,15621
89208,2019-04-05,2019-04-05 05:35:21,view,ios,112583,111818,112260,CPM,210.1,0,22392
354072,2019-04-05,2019-04-05 14:39:07,view,android,112583,111818,112260,CPM,210.1,0,22392
32434,2019-04-05,2019-04-04 22:36:17,view,ios,107729,107076,107728,CPM,190.9,0,39538534
251625,2019-04-02,2019-04-02 06:37:49,view,android,39132,23906,39131,CPM,186.0,0,94369
602781,2019-04-05,2019-04-05 19:51:08,view,ios,112583,111818,112260,CPM,210.1,0,22392
497622,2019-04-03,2019-04-03 04:21:25,view,android,39191,23986,39191,CPM,207.2,0,1856904
315963,2019-04-05,2019-04-05 13:15:16,click,android,112583,111818,112260,CPM,210.1,0,22392
721290,2019-04-04,2019-04-04 04:27:46,view,android,107729,107076,107728,CPM,190.9,0,39538534
157465,2019-04-05,2019-04-05 09:02:50,view,android,18425,1494,18424,CPM,208.4,0,42258
609352,2019-04-05,2019-04-05 20:07:05,view,android,112583,111818,112260,CPM,210.1,0,22392
619297,2019-04-05,2019-04-05 20:24:21,view,web,112583,111818,112260,CPM,210.1,0,22392
55599,2019-04-05,2019-04-05 00:21:51,click,web,112583,111818,112260,CPM,210.1,0,22392
481365,2019-04-05,2019-04-05 17:46:56,view,android,112583,111818,112260,CPM,210.1,0,22392
882913,2019-04-04,2019-04-04 14:31:49,view,ios,107729,107076,107728,CPM,190.9,0,39538534
222050,2019-04-05,2019-04-05 10:42:11,view,android,112583,111818,112260,CPM,210.1,0,22392
506530,2019-04-03,2019-04-03 09:00:44,view,android,117156,117134,117156,CPM,197.8,0,35475108
368360,2019-04-05,2019-04-05 14:57:04,view,android,39861,24528,39861,CPM,207.3,0,8948
522642,2019-04-05,2019-04-05 18:10:34,view,ios,112583,111818,112260,CPM,210.1,0,22392
328103,2019-04-05,2019-04-05 13:42:51,view,ios,112583,111818,112260,CPM,210.1,0,22392
453795,2019-04-05,2019-04-05 16:58:43,view,ios,37720,23200,37720,CPM,197.1,0,254654
559720,2019-04-05,2019-04-05 19:17:08,view,ios,112583,111818,112260,CPM,210.1,0,22392
227176,2019-04-05,2019-04-05 10:56:36,view,android,21067,2686,21052,CPM,198.2,0,13609
434012,2019-04-02,2019-04-02 19:34:44,view,android,27845,21094,27839,CPM,210.1,0,51515
329895,2019-04-05,2019-04-05 13:45:43,view,android,112583,111818,112260,CPM,210.1,0,22392
383744,2019-04-05,2019-04-05 15:22:56,click,ios,112583,111818,112260,CPM,210.1,0,22392
564636,2019-04-03,2019-04-03 12:00:44,view,web,116718,116474,116718,CPM,203.0,0,5159031
170190,2019-04-05,2019-04-05 09:31:19,click,ios,112583,111818,112260,CPM,210.1,0,22392
651192,2019-04-06,2019-04-05 21:06:17,view,web,112583,111818,112260,CPM,210.1,0,22392
955010,2019-04-04,2019-04-04 18:35:35,view,android,9767,78,9675,CPM,203.6,0,8791
395968,2019-04-05,2019-04-05 15:46:51,view,ios,107081,106775,107077,CPC,47.8,0,1311
894293,2019-04-04,2019-04-04 15:09:07,view,android,107729,107076,107728,CPM,190.9,0,39538534
420233,2019-04-02,2019-04-02 14:51:35,view,ios,116158,116092,116158,CPM,208.5,0,46707392
742107,2019-04-06,2019-04-05 23:37:27,view,ios,112583,111818,112260,CPM,210.1,0,22392
437226,2019-04-02,2019-04-02 20:49:12,view,ios,37980,23295,37980,CPM,215.4,0,222067
6948,2019-04-05,2019-04-04 21:20:34,view,ios,107729,107076,107728,CPM,190.9,0,39538534
241679,2019-04-05,2019-04-05 11:31:35,view,web,112583,111818,112260,CPM,210.1,0,22392
169133,2019-04-05,2019-04-05 09:28:10,click,ios,112583,111818,112260,CPM,210.1,0,22392
225259,2019-04-05,2019-04-05 10:51:33,view,web,112583,111818,112260,CPM,210.1,0,22392
527864,2019-04-05,2019-04-05 18:19:07,view,web,38892,23715,38889,CPM,211.8,0,326926
782297,2019-04-04,2019-04-04 08:25:54,view,ios,107729,107076,107728,CPM,190.9,0,39538534
215874,2019-04-05,2019-04-05 10:27:29,view,android,112583,111818,112260,CPM,210.1,0,22392
125434,2019-04-05,2019-04-05 07:51:50,click,ios,112583,111818,112260,CPM,210.1,0,22392
880188,2019-04-04,2019-04-04 14:22:14,view,android,22737,4466,22737,CPC,46.3,0,116880
730050,2019-04-06,2019-04-05 23:03:43,click,android,112583,111818,112260,CPM,210.1,0,22392
338980,2019-04-05,2019-04-05 14:08:11,view,android,112583,111818,112260,CPM,210.1,0,22392
76142,2019-04-05,2019-04-05 03:25:19,view,android,112583,111818,112260,CPM,210.1,0,22392
724321,2019-04-06,2019-04-05 22:49:55,click,web,112583,111818,112260,CPM,210.1,0,22392
56181,2019-04-05,2019-04-05 00:25:09,view,ios,112583,111818,112260,CPM,210.1,0,22392
629509,2019-04-05,2019-04-05 20:44:15,view,android,112583,111818,112260,CPM,210.1,0,22392
561323,2019-04-03,2019-04-03 10:55:24,view,ios,120511,120415,120484,CPC,48.1,0,118486
330695,2019-04-05,2019-04-05 13:48:17,view,android,112583,111818,112260,CPM,210.1,0,22392
766936,2019-04-04,2019-04-04 07:29:41,view,android,107729,107076,107728,CPM,190.9,0,39538534
925899,2019-04-04,2019-04-04 16:59:20,view,ios,45008,34519,45008,CPM,199.7,0,5254815
135203,2019-04-05,2019-04-05 08:14:37,view,ios,112583,111818,112260,CPM,210.1,0,22392
579429,2019-04-03,2019-04-03 16:29:46,view,web,116718,116474,116718,CPM,203.0,0,5159031
887280,2019-04-04,2019-04-04 14:45:41,view,ios,107729,107076,107728,CPM,190.9,0,39538534
564350,2019-04-03,2019-04-03 11:53:46,view,web,116718,116474,116718,CPM,203.0,0,5159031
239936,2019-04-05,2019-04-05 11:27:17,view,android,112583,111818,112260,CPM,210.1,0,22392
589500,2019-04-05,2019-04-05 19:27:19,view,web,112583,111818,112260,CPM,210.1,0,22392
678213,2019-04-06,2019-04-05 22:02:37,click,ios,112583,111818,112260,CPM,210.1,0,22392
996737,2019-04-04,2019-04-04 20:51:49,view,ios,107837,107340,107837,CPM,201.1,0,1540082
677388,2019-04-06,2019-04-05 22:00:29,view,android,112583,111818,112260,CPM,210.1,0,22392
558691,2019-04-05,2019-04-05 19:15:56,view,android,18490,1562,18490,CPC,53.0,0,24207
220029,2019-04-05,2019-04-05 10:37:18,click,android,112583,111818,112260,CPM,210.1,0,22392
861522,2019-04-04,2019-04-04 13:18:45,view,web,107729,107076,107728,CPM,190.9,0,39538534
670093,2019-04-06,2019-04-05 21:45:07,view,android,112583,111818,112260,CPM,210.1,0,22392
68073,2019-04-05,2019-04-05 02:28:10,view,android,106824,106471,106822,CPM,182.3,0,371097
14502,2019-04-05,2019-04-04 21:41:10,view,android,107729,107076,107728,CPM,190.9,0,39538534
763950,2019-04-04,2019-04-04 07:11:40,view,ios,107729,107076,107728,CPM,190.9,0,39538534
576661,2019-04-03,2019-04-03 15:38:29,view,ios,39720,24434,39716,CPM,202.1,0,843009
221595,2019-04-05,2019-04-05 10:41:10,view,android,112583,111818,112260,CPM,210.1,0,22392
708070,2019-04-04,2019-04-04 00:05:28,view,ios,45008,34519,45008,CPM,199.7,0,5254815
928961,2019-04-04,2019-04-04 17:09:35,view,ios,22490,3707,22490,CPM,197.0,0,5920993
795766,2019-04-04,2019-04-04 09:10:54,view,web,107729,107076,107728,CPM,190.9,0,39538534
786524,2019-04-04,2019-04-04 08:36:52,view,android,107729,107076,107728,CPM,190.9,0,39538534
996576,2019-04-04,2019-04-04 20:51:02,view,web,107729,107076,107728,CPM,190.9,0,39538534
672858,2019-04-06,2019-04-05 21:50:44,view,android,112583,111818,112260,CPM,210.1,0,22392
310020,2019-04-05,2019-04-05 13:01:24,view,android,112583,111818,112260,CPM,210.1,0,22392
324995,2019-04-05,2019-04-05 13:35:30,view,android,112583,111818,112260,CPM,210.1,0,22392
392649,2019-04-05,2019-04-05 15:40:48,view,ios,112583,111818,112260,CPM,210.1,0,22392
956627,2019-04-04,2019-04-04 18:39:38,view,android,107837,107340,107837,CPM,201.1,0,1540082
267618,2019-04-02,2019-04-02 13:08:52,view,web,30043,21274,30038,CPM,197.0,0,73754
656690,2019-04-06,2019-04-05 21:18:21,view,android,112583,111818,112260,CPM,210.1,0,22392
719363,2019-04-04,2019-04-04 03:42:33,view,android,119169,119122,119165,CPM,202.6,0,35019
901856,2019-04-04,2019-04-04 15:36:13,view,ios,45008,34519,45008,CPM,199.7,0,5254815
418406,2019-04-02,2019-04-02 14:14:35,view,android,46723,43300,46723,CPM,187.3,0,610123
59718,2019-04-05,2019-04-05 00:53:59,view,android,112583,111818,112260,CPM,210.1,0,22392
766077,2019-04-04,2019-04-04 07:24:27,view,android,45008,34519,45008,CPM,199.7,0,5254815
788035,2019-04-04,2019-04-04 08:41:29,view,android,107729,107076,107728,CPM,190.9,0,39538534
707223,2019-04-04,2019-04-03 23:59:12,view,ios,39191,23986,39191,CPM,207.2,0,1856904
241951,2019-04-05,2019-04-05 11:32:31,click,android,112583,111818,112260,CPM,210.1,0,22392
429272,2019-04-02,2019-04-02 18:01:33,view,android,117023,116676,117023,CPC,57.9,0,606712
292954,2019-04-05,2019-04-05 12:24:26,view,android,112583,111818,112260,CPM,210.1,0,22392
566975,2019-04-03,2019-04-03 12:39:38,view,android,31336,21419,31335,CPM,209.7,1,511986
829443,2019-04-04,2019-04-04 11:17:58,view,ios,22490,3707,22490,CPM,197.0,0,5920993
841731,2019-04-04,2019-04-04 12:05:21,view,android,45008,34519,45008,CPM,199.7,0,5254815
374301,2019-04-05,2019-04-05 15:06:15,view,ios,112583,111818,112260,CPM,210.1,0,22392
821648,2019-04-04,2019-04-04 10:49:24,view,ios,107729,107076,107728,CPM,190.9,0,39538534
335105,2019-04-05,2019-04-05 13:56:08,click,android,112583,111818,112260,CPM,210.1,0,22392
261871,2019-04-02,2019-04-02 10:48:38,view,android,47225,46969,47225,CPM,199.7,0,70263
366220,2019-04-05,2019-04-05 14:52:45,view,web,112583,111818,112260,CPM,210.1,0,22392
882737,2019-04-04,2019-04-04 14:31:07,view,ios,45008,34519,45008,CPM,199.7,0,5254815
197234,2019-04-05,2019-04-05 09:43:27,view,ios,112583,111818,112260,CPM,210.1,0,22392
22691,2019-04-05,2019-04-04 22:05:22,view,ios,107729,107076,107728,CPM,190.9,0,39538534
133338,2019-04-05,2019-04-05 08:09:40,view,android,112583,111818,112260,CPM,210.1,0,22392
510453,2019-04-03,2019-04-03 10:18:11,view,android,39191,23986,39191,CPM,207.2,0,1856904
69825,2019-04-05,2019-04-05 02:45:05,view,ios,112583,111818,112260,CPM,210.1,0,22392
711354,2019-04-04,2019-04-04 00:34:44,view,ios,107729,107076,107728,CPM,190.9,0,39538534
729533,2019-04-06,2019-04-05 23:02:17,view,android,112583,111818,112260,CPM,210.1,0,22392
441634,2019-04-05,2019-04-05 16:36:33,view,ios,38892,23715,38889,CPM,211.8,0,326926
129521,2019-04-05,2019-04-05 08:01:58,view,web,37720,23200,37720,CPM,197.1,0,254654
890225,2019-04-04,2019-04-04 14:54:38,view,android,107729,107076,107728,CPM,190.9,0,39538534
548038,2019-04-05,2019-04-05 18:53:19,view,ios,112583,111818,112260,CPM,210.1,0,22392
299773,2019-04-05,2019-04-05 12:39:15,view,web,112583,111818,112260,CPM,210.1,0,22392
541836,2019-04-05,2019-04-05 18:44:05,view,android,112583,111818,112260,CPM,210.1,0,22392
104014,2019-04-05,2019-04-05 06:52:34,view,android,112583,111818,112260,CPM,210.1,0,22392
331998,2019-04-05,2019-04-05 13:51:13,view,ios,112583,111818,112260,CPM,210.1,0,22392
451149,2019-04-05,2019-04-05 16:54:31,view,android,112583,111818,112260,CPM,210.1,0,22392
837148,2019-04-04,2019-04-04 11:46:34,view,android,107729,107076,107728,CPM,190.9,0,39538534
695459,2019-04-06,2019-04-05 22:38:47,view,android,112583,111818,112260,CPM,210.1,0,22392
111072,2019-04-05,2019-04-05 07:16:08,view,ios,112583,111818,112260,CPM,210.1,0,22392
531546,2019-04-05,2019-04-05 18:24:56,view,ios,112583,111818,112260,CPM,210.1,0,22392
445858,2019-04-05,2019-04-05 16:42:17,view,web,112583,111818,112260,CPM,210.1,0,22392
187673,2019-04-01,2019-04-01 16:59:31,view,web,41458,26059,41458,CPM,205.8,0,6864
269791,2019-04-05,2019-04-05 11:40:23,click,web,112583,111818,112260,CPM,210.1,0,22392
581140,2019-04-03,2019-04-03 17:01:21,view,android,116718,116474,116718,CPM,203.0,0,5159031
647808,2019-04-03,2019-04-03 20:52:38,view,ios,117156,117134,117156,CPM,197.8,0,35475108
112894,2019-04-05,2019-04-05 07:20:58,view,android,112583,111818,112260,CPM,210.1,0,22392
466399,2019-04-05,2019-04-05 17:20:48,view,android,112583,111818,112260,CPM,210.1,0,22392
768425,2019-04-04,2019-04-04 07:37:04,view,web,107729,107076,107728,CPM,190.9,0,39538534
964422,2019-04-04,2019-04-04 19:06:14,view,web,107729,107076,107728,CPM,190.9,0,39538534
791521,2019-04-04,2019-04-04 08:54:21,view,android,45008,34519,45008,CPM,199.7,0,5254815
534366,2019-04-05,2019-04-05 18:29:30,click,android,112583,111818,112260,CPM,210.1,0,22392
453347,2019-04-05,2019-04-05 16:58:11,click,ios,112583,111818,112260,CPM,210.1,0,22392
106400,2019-04-05,2019-04-05 07:00:40,click,android,112583,111818,112260,CPM,210.1,0,22392
946110,2019-04-04,2019-04-04 18:09:18,view,web,16064,645,15894,CPM,203.5,0,206653
240210,2019-04-05,2019-04-05 11:27:40,view,android,112583,111818,112260,CPM,210.1,0,22392
962316,2019-04-04,2019-04-04 18:58:19,view,android,22490,3707,22490,CPM,197.0,0,5920993
691561,2019-04-06,2019-04-05 22:28:52,view,android,112583,111818,112260,CPM,210.1,0,22392
379225,2019-04-05,2019-04-05 15:14:16,click,android,112583,111818,112260,CPM,210.1,0,22392
755528,2019-04-04,2019-04-04 06:25:11,view,android,107729,107076,107728,CPM,190.9,0,39538534
460395,2019-04-05,2019-04-05 17:08:58,view,ios,112583,111818,112260,CPM,210.1,0,22392
356735,2019-04-05,2019-04-05 14:40:34,view,web,112583,111818,112260,CPM,210.1,0,22392
584185,2019-04-03,2019-04-03 17:49:37,view,android,116718,116474,116718,CPM,203.0,0,5159031
995348,2019-04-04,2019-04-04 20:46:28,view,web,107729,107076,107728,CPM,190.9,0,39538534
801100,2019-04-04,2019-04-04 09:31:10,view,android,107837,107340,107837,CPM,201.1,0,1540082
624612,2019-04-05,2019-04-05 20:34:05,click,ios,112583,111818,112260,CPM,210.1,0,22392
853877,2019-04-04,2019-04-04 12:53:33,view,ios,107729,107076,107728,CPM,190.9,0,39538534
801574,2019-04-04,2019-04-04 09:32:27,view,web,107729,107076,107728,CPM,190.9,0,39538534
110661,2019-04-05,2019-04-05 07:14:25,view,android,112583,111818,112260,CPM,210.1,0,22392
318740,2019-04-05,2019-04-05 13:21:19,view,android,112583,111818,112260,CPM,210.1,0,22392
691721,2019-04-06,2019-04-05 22:30:05,view,android,110120,110114,110114,CPM,206.4,0,211409
114173,2019-04-05,2019-04-05 07:23:39,view,android,112583,111818,112260,CPM,210.1,0,22392
782781,2019-04-04,2019-04-04 08:27:14,view,web,107729,107076,107728,CPM,190.9,0,39538534
501403,2019-04-03,2019-04-03 07:17:48,view,android,116718,116474,116718,CPM,203.0,0,5159031
270825,2019-04-05,2019-04-05 11:42:02,view,android,112583,111818,112260,CPM,210.1,0,22392
748149,2019-04-04,2019-04-04 05:02:36,view,android,107837,107340,107837,CPM,201.1,0,1540082
674060,2019-04-06,2019-04-05 21:52:58,view,ios,112583,111818,112260,CPM,210.1,0,22392
807460,2019-04-04,2019-04-04 09:53:30,view,web,107729,107076,107728,CPM,190.9,0,39538534
536766,2019-04-05,2019-04-05 18:33:21,click,web,112583,111818,112260,CPM,210.1,0,22392
282456,2019-04-05,2019-04-05 12:05:08,view,android,38892,23715,38889,CPM,211.8,0,326926
946619,2019-04-04,2019-04-04 18:10:28,view,android,107729,107076,107728,CPM,190.9,0,39538534
705378,2019-04-04,2019-04-03 23:13:07,view,ios,39191,23986,39191,CPM,207.2,0,1856904
156263,2019-04-05,2019-04-05 09:00:37,view,android,112583,111818,112260,CPM,210.1,0,22392
566156,2019-04-03,2019-04-03 12:26:23,view,android,44662,33199,44662,CPM,191.0,0,125810
711476,2019-04-04,2019-04-04 00:41:24,view,ios,107729,107076,107728,CPM,190.9,0,39538534
933155,2019-04-04,2019-04-04 17:23:32,view,android,107729,107076,107728,CPM,190.9,0,39538534
680810,2019-04-06,2019-04-05 22:08:34,click,android,112583,111818,112260,CPM,210.1,0,22392
578271,2019-04-03,2019-04-03 16:06:15,view,ios,40987,25581,40986,CPM,201.0,0,2512711
874113,2019-04-04,2019-04-04 14:02:09,view,ios,107729,107076,107728,CPM,190.9,0,39538534
300145,2019-04-05,2019-04-05 12:40:15,view,ios,112583,111818,112260,CPM,210.1,0,22392
907629,2019-04-04,2019-04-04 15:56:48,view,android,41063,25648,41063,CPM,188.1,0,39647
874642,2019-04-04,2019-04-04 14:04:39,view,android,41063,25648,41063,CPM,188.1,0,39647
599247,2019-04-05,2019-04-05 19:46:17,view,android,112583,111818,112260,CPM,210.1,0,22392
729758,2019-04-06,2019-04-05 23:03:09,view,android,112583,111818,112260,CPM,210.1,0,22392
704574,2019-04-04,2019-04-03 22:57:01,view,web,116718,116474,116718,CPM,203.0,0,5159031
166264,2019-04-05,2019-04-05 09:23:05,click,android,112583,111818,112260,CPM,210.1,0,22392
654208,2019-04-06,2019-04-05 21:13:29,view,ios,112583,111818,112260,CPM,210.1,0,22392
353359,2019-04-05,2019-04-05 14:37:33,view,ios,112583,111818,112260,CPM,210.1,0,22392
231742,2019-04-05,2019-04-05 11:08:27,view,android,112583,111818,112260,CPM,210.1,0,22392
8891,2019-04-05,2019-04-04 21:25:15,view,android,107729,107076,107728,CPM,190.9,0,39538534
854487,2019-04-04,2019-04-04 12:55:26,view,ios,45008,34519,45008,CPM,199.7,0,5254815
233208,2019-04-05,2019-04-05 11:12:03,view,web,112583,111818,112260,CPM,210.1,0,22392
871989,2019-04-04,2019-04-04 13:56:54,view,android,110531,110444,110522,CPM,200.5,0,6798067
377514,2019-04-05,2019-04-05 15:10:54,click,web,112583,111818,112260,CPM,210.1,0,22392
269928,2019-04-05,2019-04-05 11:40:45,view,web,112583,111818,112260,CPM,210.1,0,22392
462343,2019-04-05,2019-04-05 17:13:03,view,web,112583,111818,112260,CPM,210.1,0,22392
442116,2019-04-05,2019-04-05 16:37:36,view,android,112583,111818,112260,CPM,210.1,0,22392
233837,2019-04-05,2019-04-05 11:14:32,view,android,112583,111818,112260,CPM,210.1,0,22392
153214,2019-04-05,2019-04-05 08:53:06,view,ios,28142,21115,28142,CPM,199.8,0,1852990
442524,2019-04-05,2019-04-05 16:37:45,view,android,119175,119132,119174,CPM,207.0,0,14447
504934,2019-04-03,2019-04-03 08:30:36,view,android,120538,120417,120519,CPC,48.7,0,271397
240530,2019-04-05,2019-04-05 11:29:01,view,android,112583,111818,112260,CPM,210.1,0,22392
439336,2019-04-05,2019-04-05 16:31:33,view,ios,28142,21115,28142,CPM,199.8,0,1852990
611126,2019-04-05,2019-04-05 20:10:06,view,android,112583,111818,112260,CPM,210.1,0,22392
101794,2019-04-05,2019-04-05 06:44:49,view,ios,18425,1494,18424,CPM,208.4,0,42258
115372,2019-04-05,2019-04-05 07:26:45,view,web,38892,23715,38889,CPM,211.8,0,326926
176158,2019-04-01,2019-04-01 08:46:12,view,android,118118,118116,118116,CPM,207.1,0,141096
536927,2019-04-05,2019-04-05 18:33:37,view,android,28142,21115,28142,CPM,199.8,0,1852990
957818,2019-04-04,2019-04-04 18:43:30,view,web,107729,107076,107728,CPM,190.9,0,39538534
256753,2019-04-02,2019-04-02 09:00:00,view,ios,9123,56,9123,CPC,46.7,0,5479558
762631,2019-04-04,2019-04-04 07:03:13,view,android,107729,107076,107728,CPM,190.9,0,39538534
81209,2019-04-05,2019-04-05 04:35:47,view,android,112583,111818,112260,CPM,210.1,0,22392
741278,2019-04-06,2019-04-05 23:36:30,view,android,112583,111818,112260,CPM,210.1,0,22392
835635,2019-04-04,2019-04-04 11:39:08,view,ios,29906,21261,29896,CPM,199.1,0,75120
825885,2019-04-04,2019-04-04 11:03:47,view,android,43702,30146,43702,CPM,215.6,0,10474102
326214,2019-04-05,2019-04-05 13:39:34,view,android,112583,111818,112260,CPM,210.1,0,22392
434912,2019-04-02,2019-04-02 19:54:23,view,android,32276,21559,32275,CPM,205.6,0,28709
920377,2019-04-04,2019-04-04 16:39:10,view,android,107729,107076,107728,CPM,190.9,0,39538534
532214,2019-04-05,2019-04-05 18:26:19,view,android,112583,111818,112260,CPM,210.1,0,22392
28131,2019-04-05,2019-04-04 22:22:52,view,android,107729,107076,107728,CPM,190.9,0,39538534
839819,2019-04-04,2019-04-04 11:56:30,view,ios,107729,107076,107728,CPM,190.9,0,39538534
976344,2019-04-04,2019-04-04 19:44:41,view,ios,107729,107076,107728,CPM,190.9,0,39538534
273431,2019-04-05,2019-04-05 11:47:39,view,web,112583,111818,112260,CPM,210.1,0,22392
305792,2019-04-05,2019-04-05 12:51:49,view,android,112583,111818,112260,CPM,210.1,0,22392
344746,2019-04-05,2019-04-05 14:20:05,view,ios,112583,111818,112260,CPM,210.1,0,22392
852083,2019-04-04,2019-04-04 12:47:05,view,android,107729,107076,107728,CPM,190.9,0,39538534
985906,2019-04-04,2019-04-04 20:14:39,view,android,107729,107076,107728,CPM,190.9,0,39538534
59741,2019-04-05,2019-04-05 00:53:59,view,ios,112583,111818,112260,CPM,210.1,0,22392
384243,2019-04-05,2019-04-05 15:24:50,view,ios,112583,111818,112260,CPM,210.1,0,22392
720290,2019-04-04,2019-04-04 04:06:09,view,ios,107729,107076,107728,CPM,190.9,0,39538534
406908,2019-04-05,2019-04-05 16:08:05,view,web,112583,111818,112260,CPM,210.1,0,22392
775138,2019-04-04,2019-04-04 07:59:55,view,web,107837,107340,107837,CPM,201.1,0,1540082
574051,2019-04-03,2019-04-03 14:52:21,view,web,116718,116474,116718,CPM,203.0,0,5159031
501599,2019-04-03,2019-04-03 07:21:30,view,ios,39191,23986,39191,CPM,207.2,0,1856904
879523,2019-04-04,2019-04-04 14:19:35,view,android,107729,107076,107728,CPM,190.9,0,39538534
750283,2019-04-04,2019-04-04 05:26:26,view,web,107729,107076,107728,CPM,190.9,0,39538534
264980,2019-04-02,2019-04-02 12:05:17,view,web,117023,116676,117023,CPC,57.9,0,606712
81752,2019-04-05,2019-04-05 04:40:24,view,ios,112583,111818,112260,CPM,210.1,0,22392
857578,2019-04-04,2019-04-04 13:05:27,view,ios,107729,107076,107728,CPM,190.9,0,39538534
777970,2019-04-04,2019-04-04 08:10:36,view,ios,107729,107076,107728,CPM,190.9,0,39538534
97582,2019-04-05,2019-04-05 06:28:20,view,ios,112583,111818,112260,CPM,210.1,0,22392
570778,2019-04-03,2019-04-03 13:47:52,view,android,116718,116474,116718,CPM,203.0,0,5159031
829578,2019-04-04,2019-04-04 11:18:07,view,android,107837,107340,107837,CPM,201.1,0,1540082
736753,2019-04-06,2019-04-05 23:25:14,view,android,112583,111818,112260,CPM,210.1,0,22392
879264,2019-04-04,2019-04-04 14:18:23,view,ios,107837,107340,107837,CPM,201.1,0,1540082
822675,2019-04-04,2019-04-04 10:54:21,view,android,107729,107076,107728,CPM,190.9,0,39538534
48567,2019-04-05,2019-04-04 23:44:18,view,android,22737,4466,22737,CPC,46.3,0,116880
906551,2019-04-04,2019-04-04 15:52:58,view,web,107729,107076,107728,CPM,190.9,0,39538534
166386,2019-04-05,2019-04-05 09:23:33,view,android,112583,111818,112260,CPM,210.1,0,22392
608603,2019-04-05,2019-04-05 20:05:56,click,android,112583,111818,112260,CPM,210.1,0,22392
804680,2019-04-04,2019-04-04 09:42:16,view,android,107729,107076,107728,CPM,190.9,0,39538534
146256,2019-04-05,2019-04-05 08:39:34,view,ios,19317,1752,19309,CPM,200.0,0,52607
356181,2019-04-05,2019-04-05 14:40:22,view,ios,112583,111818,112260,CPM,210.1,0,22392
31388,2019-04-05,2019-04-04 22:33:33,view,ios,45008,34519,45008,CPM,199.7,0,5254815
978968,2019-04-04,2019-04-04 19:52:14,view,android,110531,110444,110522,CPM,200.5,0,6798067
886398,2019-04-04,2019-04-04 14:43:07,view,web,107729,107076,107728,CPM,190.9,0,39538534
547285,2019-04-05,2019-04-05 18:52:33,view,ios,112583,111818,112260,CPM,210.1,0,22392
755925,2019-04-04,2019-04-04 06:28:31,view,web,107729,107076,107728,CPM,190.9,0,39538534
837851,2019-04-04,2019-04-04 11:48:51,view,ios,45008,34519,45008,CPM,199.7,0,5254815
784384,2019-04-04,2019-04-04 08:31:13,view,ios,107837,107340,107837,CPM,201.1,0,1540082
508507,2019-04-03,2019-04-03 09:38:52,view,android,21390,3118,21390,CPM,194.7,0,37161
653116,2019-04-06,2019-04-05 21:10:28,view,android,39661,24337,39661,CPM,183.2,0,966532
624534,2019-04-05,2019-04-05 20:34:05,view,ios,28142,21115,28142,CPM,199.8,0,1852990
144512,2019-04-05,2019-04-05 08:35:48,view,android,112583,111818,112260,CPM,210.1,0,22392
848509,2019-04-04,2019-04-04 12:31:25,view,android,107837,107340,107837,CPM,201.1,0,1540082
591223,2019-04-05,2019-04-05 19:31:08,view,android,112583,111818,112260,CPM,210.1,0,22392
297456,2019-04-05,2019-04-05 12:33:27,view,android,112583,111818,112260,CPM,210.1,0,22392
411784,2019-04-05,2019-04-05 16:17:22,click,ios,112583,111818,112260,CPM,210.1,0,22392
977086,2019-04-04,2019-04-04 19:46:46,view,android,105675,105608,105672,CPC,55.3,0,89457
381097,2019-04-05,2019-04-05 15:18:03,view,android,112583,111818,112260,CPM,210.1,0,22392
549847,2019-04-05,2019-04-05 18:57:52,view,android,112583,111818,112260,CPM,210.1,0,22392
398728,2019-04-05,2019-04-05 15:52:06,view,web,112583,111818,112260,CPM,210.1,0,22392
698168,2019-04-04,2019-04-03 21:10:16,view,android,120511,120415,120484,CPC,48.1,0,118486
484064,2019-04-05,2019-04-05 17:50:01,view,ios,112583,111818,112260,CPM,210.1,0,22392
561458,2019-04-03,2019-04-03 10:57:40,view,ios,116718,116474,116718,CPM,203.0,0,5159031
44991,2019-04-05,2019-04-04 23:23:57,view,android,107729,107076,107728,CPM,190.9,0,39538534
422520,2019-04-02,2019-04-02 15:40:05,view,android,18087,1349,18085,CPM,204.0,0,786969
801834,2019-04-04,2019-04-04 09:33:20,view,web,107837,107340,107837,CPM,201.1,0,1540082
653928,2019-04-06,2019-04-05 21:12:09,view,android,112583,111818,112260,CPM,210.1,0,22392
319310,2019-04-05,2019-04-05 13:21:57,view,android,14617,430,14616,CPC,40.3,0,109704
472847,2019-04-05,2019-04-05 17:35:52,view,web,112583,111818,112260,CPM,210.1,0,22392
600530,2019-04-05,2019-04-05 19:48:08,view,web,37809,23219,37809,CPM,192.0,0,772494
140682,2019-04-05,2019-04-05 08:27:52,view,android,112583,111818,112260,CPM,210.1,0,22392
851983,2019-04-04,2019-04-04 12:46:31,view,web,107729,107076,107728,CPM,190.9,0,39538534
462890,2019-04-05,2019-04-05 17:13:48,view,android,112583,111818,112260,CPM,210.1,0,22392
16626,2019-04-05,2019-04-04 21:47:10,view,android,107729,107076,107728,CPM,190.9,0,39538534
186486,2019-04-01,2019-04-01 16:08:23,view,android,120299,120299,120299,CPM,200.0,0,1637837
932703,2019-04-04,2019-04-04 17:22:26,view,android,107729,107076,107728,CPM,190.9,0,39538534
946485,2019-04-04,2019-04-04 18:10:13,view,android,27397,21059,27397,CPM,200.5,0,151195
667589,2019-04-06,2019-04-05 21:40:16,view,web,112583,111818,112260,CPM,210.1,0,22392
636436,2019-04-05,2019-04-05 20:57:22,view,android,112583,111818,112260,CPM,210.1,0,22392
171083,2019-04-05,2019-04-05 09:33:44,view,android,112583,111818,112260,CPM,210.1,0,22392
691717,2019-04-06,2019-04-05 22:30:05,view,android,44122,31404,44122,CPM,202.1,0,31568
568283,2019-04-03,2019-04-03 13:03:25,view,ios,121944,121940,121943,CPC,50.3,0,23414
627356,2019-04-05,2019-04-05 20:40:52,view,ios,112583,111818,112260,CPM,210.1,0,22392
45985,2019-04-05,2019-04-04 23:30:44,view,android,2709,20,2464,CPM,191.5,0,165373
534640,2019-04-05,2019-04-05 18:29:55,view,android,112583,111818,112260,CPM,210.1,0,22392
475726,2019-04-05,2019-04-05 17:41:14,view,android,117174,117150,117174,CPM,198.1,0,370677
335773,2019-04-05,2019-04-05 13:59:50,view,ios,112583,111818,112260,CPM,210.1,0,22392
869648,2019-04-04,2019-04-04 13:48:06,view,android,107729,107076,107728,CPM,190.9,0,39538534
498502,2019-04-03,2019-04-03 05:34:18,view,ios,116718,116474,116718,CPM,203.0,0,5159031
851882,2019-04-04,2019-04-04 12:45:53,view,web,107837,107340,107837,CPM,201.1,0,1540082
818607,2019-04-04,2019-04-04 10:37:19,view,android,107729,107076,107728,CPM,190.9,0,39538534
348833,2019-04-05,2019-04-05 14:28:25,view,web,112583,111818,112260,CPM,210.1,0,22392
412844,2019-04-05,2019-04-05 16:20:38,view,ios,112583,111818,112260,CPM,210.1,0,22392
177488,2019-04-01,2019-04-01 09:47:57,view,android,122004,122004,122004,CPM,192.0,0,10570
209902,2019-04-05,2019-04-05 10:14:07,click,android,112583,111818,112260,CPM,210.1,0,22392
798081,2019-04-04,2019-04-04 09:21:06,view,android,107729,107076,107728,CPM,190.9,0,39538534
145098,2019-04-05,2019-04-05 08:37:15,view,android,112583,111818,112260,CPM,210.1,0,22392
678189,2019-04-06,2019-04-05 22:02:37,view,ios,28142,21115,28142,CPM,199.8,0,1852990
105920,2019-04-05,2019-04-05 06:57:50,view,android,112583,111818,112260,CPM,210.1,0,22392
815310,2019-04-04,2019-04-04 10:26:31,view,ios,107729,107076,107728,CPM,190.9,0,39538534
416558,2019-04-02,2019-04-02 13:37:12,view,android,113912,113807,113912,CPC,48.3,0,512090
344005,2019-04-05,2019-04-05 14:19:08,view,android,112583,111818,112260,CPM,210.1,0,22392
84383,2019-04-05,2019-04-05 05:03:22,view,web,112583,111818,112260,CPM,210.1,0,22392
875602,2019-04-04,2019-04-04 14:06:41,view,web,107729,107076,107728,CPM,190.9,0,39538534
341183,2019-04-05,2019-04-05 14:12:45,view,android,112583,111818,112260,CPM,210.1,0,22392
814576,2019-04-04,2019-04-04 10:23:06,view,android,22490,3707,22490,CPM,197.0,0,5920993
388517,2019-04-05,2019-04-05 15:33:03,view,android,112583,111818,112260,CPM,210.1,0,22392
310928,2019-04-05,2019-04-05 13:02:32,view,android,109463,109463,109463,CPC,42.8,0,1225
36202,2019-04-05,2019-04-04 22:49:04,view,web,34130,21903,34092,CPM,183.5,0,5084
702446,2019-04-04,2019-04-03 22:21:05,view,android,120538,120417,120519,CPC,48.7,0,271397
841743,2019-04-04,2019-04-04 12:05:21,view,web,107729,107076,107728,CPM,190.9,0,39538534
180729,2019-04-01,2019-04-01 12:04:02,view,web,28518,21160,28518,CPM,178.6,0,99532
872651,2019-04-04,2019-04-04 13:58:16,view,ios,107729,107076,107728,CPM,190.9,0,39538534
595674,2019-04-05,2019-04-05 19:39:30,view,android,112583,111818,112260,CPM,210.1,0,22392
164622,2019-04-05,2019-04-05 09:19:44,click,ios,112583,111818,112260,CPM,210.1,0,22392
677207,2019-04-06,2019-04-05 22:00:22,view,ios,112583,111818,112260,CPM,210.1,0,22392
478412,2019-04-05,2019-04-05 17:44:09,view,android,112583,111818,112260,CPM,210.1,0,22392
758530,2019-04-04,2019-04-04 06:41:52,view,ios,107837,107340,107837,CPM,201.1,0,1540082
153815,2019-04-05,2019-04-05 08:53:34,view,android,113350,113036,113251,CPM,183.3,0,571929
471068,2019-04-05,2019-04-05 17:30:40,view,android,112583,111818,112260,CPM,210.1,0,22392
516352,2019-04-05,2019-04-05 18:01:07,view,android,28142,21115,28142,CPM,199.8,0,1852990
769734,2019-04-04,2019-04-04 07:44:48,view,android,107729,107076,107728,CPM,190.9,0,39538534
100024,2019-04-05,2019-04-05 06:37:21,view,web,28142,21115,28142,CPM,199.8,0,1852990
749188,2019-04-04,2019-04-04 05:14:35,view,web,107729,107076,107728,CPM,190.9,0,39538534
891852,2019-04-04,2019-04-04 15:00:26,view,android,107729,107076,107728,CPM,190.9,0,39538534
720653,2019-04-04,2019-04-04 04:10:39,view,android,107837,107340,107837,CPM,201.1,0,1540082
639023,2019-04-03,2019-04-03 18:25:33,view,android,114299,114299,114299,CPM,180.1,0,2588017
164296,2019-04-05,2019-04-05 09:18:53,view,web,112583,111818,112260,CPM,210.1,0,22392
964284,2019-04-04,2019-04-04 19:06:04,view,ios,107837,107340,107837,CPM,201.1,0,1540082
236131,2019-04-05,2019-04-05 11:19:16,view,web,44122,31404,44122,CPM,202.1,0,31568
925549,2019-04-04,2019-04-04 16:58:24,view,android,107729,107076,107728,CPM,190.9,0,39538534
20226,2019-04-05,2019-04-04 21:57:55,view,android,107729,107076,107728,CPM,190.9,0,39538534
600928,2019-04-05,2019-04-05 19:48:24,view,ios,112583,111818,112260,CPM,210.1,0,22392
851156,2019-04-04,2019-04-04 12:42:25,view,android,107729,107076,107728,CPM,190.9,0,39538534
375563,2019-04-05,2019-04-05 15:08:23,view,ios,112583,111818,112260,CPM,210.1,0,22392
413332,2019-04-05,2019-04-05 16:22:16,view,ios,112583,111818,112260,CPM,210.1,0,22392
232163,2019-04-05,2019-04-05 11:09:21,view,ios,112583,111818,112260,CPM,210.1,0,22392
733349,2019-04-06,2019-04-05 23:16:06,view,web,112583,111818,112260,CPM,210.1,0,22392
3531,2019-04-05,2019-04-04 21:09:51,view,android,17543,1041,17533,CPM,199.2,0,5753
208699,2019-04-05,2019-04-05 10:10:05,click,ios,112583,111818,112260,CPM,210.1,0,22392
624199,2019-04-05,2019-04-05 20:33:36,view,android,28142,21115,28142,CPM,199.8,0,1852990
839157,2019-04-04,2019-04-04 11:54:02,view,android,107729,107076,107728,CPM,190.9,0,39538534
882365,2019-04-04,2019-04-04 14:30:03,view,ios,120413,120410,120413,CPC,44.8,0,57999
266635,2019-04-02,2019-04-02 12:44:53,view,web,116158,116092,116158,CPM,208.5,0,46707392
234693,2019-04-05,2019-04-05 11:16:07,view,android,28142,21115,28142,CPM,199.8,0,1852990
534568,2019-04-05,2019-04-05 18:29:42,view,android,112583,111818,112260,CPM,210.1,0,22392
44929,2019-04-05,2019-04-04 23:23:51,view,android,107729,107076,107728,CPM,190.9,0,39538534
737773,2019-04-06,2019-04-05 23:27:47,view,android,112583,111818,112260,CPM,210.1,0,22392
434121,2019-04-02,2019-04-02 19:37:20,view,android,43976,30853,43976,CPM,211.4,0,26351
786109,2019-04-04,2019-04-04 08:35:33,view,android,45008,34519,45008,CPM,199.7,0,5254815
118281,2019-04-05,2019-04-05 07:31:59,view,web,112583,111818,112260,CPM,210.1,0,22392
25010,2019-04-05,2019-04-04 22:12:04,view,android,107729,107076,107728,CPM,190.9,0,39538534
849038,2019-04-04,2019-04-04 12:33:46,view,ios,107729,107076,107728,CPM,190.9,0,39538534
119061,2019-04-05,2019-04-05 07:33:38,view,web,112583,111818,112260,CPM,210.1,0,22392
662734,2019-04-06,2019-04-05 21:28:36,view,ios,112583,111818,112260,CPM,210.1,0,22392
549209,2019-04-05,2019-04-05 18:55:45,view,ios,112583,111818,112260,CPM,210.1,0,22392
487532,2019-04-03,2019-04-02 21:12:19,view,android,46723,43300,46723,CPM,187.3,0,610123
278234,2019-04-05,2019-04-05 11:58:33,view,android,28142,21115,28142,CPM,199.8,0,1852990
835089,2019-04-04,2019-04-04 11:37:36,view,ios,45946,38689,45946,CPM,185.2,0,128864
222720,2019-04-05,2019-04-05 10:44:21,click,ios,112583,111818,112260,CPM,210.1,0,22392
486334,2019-04-05,2019-04-05 17:53:52,view,android,112583,111818,112260,CPM,210.1,0,22392
165062,2019-04-05,2019-04-05 09:20:24,view,ios,112583,111818,112260,CPM,210.1,0,22392
3322,2019-04-05,2019-04-04 21:09:02,view,web,107729,107076,107728,CPM,190.9,0,39538534
54490,2019-04-05,2019-04-05 00:16:28,view,android,46304,40671,46304,CPM,210.4,0,2050222
725605,2019-04-06,2019-04-05 22:53:08,view,android,112583,111818,112260,CPM,210.1,0,22392
72168,2019-04-05,2019-04-05 02:45:38,view,android,112583,111818,112260,CPM,210.1,0,22392
856360,2019-04-04,2019-04-04 13:01:38,view,android,107729,107076,107728,CPM,190.9,0,39538534
36754,2019-04-05,2019-04-04 22:51:17,view,android,107729,107076,107728,CPM,190.9,0,39538534
619380,2019-04-05,2019-04-05 20:24:23,click,android,112583,111818,112260,CPM,210.1,0,22392
949156,2019-04-04,2019-04-04 18:16:59,view,web,107729,107076,107728,CPM,190.9,0,39538534
163957,2019-04-05,2019-04-05 09:17:36,view,ios,112583,111818,112260,CPM,210.1,0,22392
738552,2019-04-06,2019-04-05 23:29:04,click,android,112583,111818,112260,CPM,210.1,0,22392
944833,2019-04-04,2019-04-04 18:05:01,view,android,45769,37828,45769,CPM,197.6,0,130509
360905,2019-04-05,2019-04-05 14:45:54,view,android,112583,111818,112260,CPM,210.1,0,22392
685842,2019-04-06,2019-04-05 22:17:38,click,ios,112583,111818,112260,CPM,210.1,0,22392
685793,2019-04-06,2019-04-05 22:17:38,view,web,112583,111818,112260,CPM,210.1,0,22392
377185,2019-04-05,2019-04-05 15:10:10,view,android,112583,111818,112260,CPM,210.1,0,22392
883375,2019-04-04,2019-04-04 14:33:00,view,android,107729,107076,107728,CPM,190.9,0,39538534
666251,2019-04-06,2019-04-05 21:37:30,view,android,112583,111818,112260,CPM,210.1,0,22392
307509,2019-04-05,2019-04-05 12:54:53,click,ios,112583,111818,112260,CPM,210.1,0,22392
469303,2019-04-05,2019-04-05 17:27:17,view,android,112583,111818,112260,CPM,210.1,0,22392
50538,2019-04-05,2019-04-04 23:56:37,view,android,107729,107076,107728,CPM,190.9,0,39538534
121240,2019-04-05,2019-04-05 07:39:43,click,android,112583,111818,112260,CPM,210.1,0,22392
691313,2019-04-06,2019-04-05 22:28:26,view,android,112583,111818,112260,CPM,210.1,0,22392
298358,2019-04-05,2019-04-05 12:35:31,view,ios,112583,111818,112260,CPM,210.1,0,22392
483914,2019-04-05,2019-04-05 17:49:56,view,android,112583,111818,112260,CPM,210.1,0,22392
44840,2019-04-05,2019-04-04 23:22:32,view,android,107729,107076,107728,CPM,190.9,0,39538534
722259,2019-04-06,2019-04-05 22:44:55,view,android,112583,111818,112260,CPM,210.1,0,22392
213754,2019-04-05,2019-04-05 10:22:11,view,web,112583,111818,112260,CPM,210.1,0,22392
102157,2019-04-05,2019-04-05 06:45:46,view,android,112583,111818,112260,CPM,210.1,0,22392
687112,2019-04-06,2019-04-05 22:21:50,view,web,112583,111818,112260,CPM,210.1,0,22392
779312,2019-04-04,2019-04-04 08:14:49,view,web,22490,3707,22490,CPM,197.0,0,5920993
493954,2019-04-03,2019-04-02 23:16:45,view,web,33064,21693,33064,CPM,195.7,0,33356
465927,2019-04-05,2019-04-05 17:18:49,view,android,112583,111818,112260,CPM,210.1,0,22392
794174,2019-04-04,2019-04-04 09:03:47,view,android,107837,107340,107837,CPM,201.1,0,1540082
98408,2019-04-05,2019-04-05 06:31:32,view,web,112583,111818,112260,CPM,210.1,0,22392
259460,2019-04-02,2019-04-02 09:53:14,view,android,112227,111807,112227,CPM,211.9,0,30403
699632,2019-04-04,2019-04-03 21:36:14,view,android,113879,113785,113878,CPC,43.4,0,19265
171097,2019-04-05,2019-04-05 09:33:44,click,android,112583,111818,112260,CPM,210.1,0,22392
860221,2019-04-04,2019-04-04 13:15:40,view,android,107729,107076,107728,CPM,190.9,0,39538534
173172,2019-04-01,2019-04-01 03:45:34,view,ios,27851,21095,27851,CPM,208.2,0,54572
565920,2019-04-03,2019-04-03 12:21:30,view,web,112995,112644,112994,CPM,192.8,0,10327
280797,2019-04-05,2019-04-05 12:01:32,view,web,28142,21115,28142,CPM,199.8,0,1852990
308206,2019-04-05,2019-04-05 12:56:34,view,android,112583,111818,112260,CPM,210.1,0,22392
753849,2019-04-04,2019-04-04 06:09:20,view,android,107729,107076,107728,CPM,190.9,0,39538534
432443,2019-04-02,2019-04-02 19:03:03,view,android,116158,116092,116158,CPM,208.5,0,46707392
660795,2019-04-06,2019-04-05 21:25:37,view,web,112583,111818,112260,CPM,210.1,0,22392
431282,2019-04-02,2019-04-02 18:43:21,view,android,43976,30853,43976,CPM,211.4,0,26351
558584,2019-04-05,2019-04-05 19:15:41,click,ios,112583,111818,112260,CPM,210.1,0,22392
501192,2019-04-03,2019-04-03 07:11:19,view,android,41693,26280,41693,CPM,210.4,0,8533759
265813,2019-04-02,2019-04-02 12:26:59,view,web,46723,43300,46723,CPM,187.3,0,610123
360808,2019-04-05,2019-04-05 14:45:53,view,android,112583,111818,112260,CPM,210.1,0,22392
148194,2019-04-05,2019-04-05 08:42:34,view,android,112583,111818,112260,CPM,210.1,0,22392
400468,2019-04-05,2019-04-05 15:56:46,view,web,18425,1494,18424,CPM,208.4,0,42258
491241,2019-04-03,2019-04-02 22:15:09,view,ios,47225,46969,47225,CPM,199.7,0,70263
128110,2019-04-05,2019-04-05 07:58:34,view,android,112583,111818,112260,CPM,210.1,0,22392
567403,2019-04-03,2019-04-03 12:47:47,view,web,41693,26280,41693,CPM,210.4,0,8533759
284730,2019-04-05,2019-04-05 12:10:02,view,ios,112583,111818,112260,CPM,210.1,0,22392
785775,2019-04-04,2019-04-04 08:34:20,view,web,107729,107076,107728,CPM,190.9,0,39538534
554051,2019-04-05,2019-04-05 19:06:41,click,web,112583,111818,112260,CPM,210.1,0,22392
528938,2019-04-05,2019-04-05 18:20:30,view,web,112583,111818,112260,CPM,210.1,0,22392
49300,2019-04-05,2019-04-04 23:49:16,view,android,107837,107340,107837,CPM,201.1,0,1540082
914668,2019-04-04,2019-04-04 16:19:31,view,android,107729,107076,107728,CPM,190.9,0,39538534
639710,2019-04-03,2019-04-03 18:36:32,view,android,39191,23986,39191,CPM,207.2,0,1856904
171114,2019-04-05,2019-04-05 09:33:44,view,android,112583,111818,112260,CPM,210.1,0,22392
367365,2019-04-05,2019-04-05 14:55:15,click,web,112583,111818,112260,CPM,210.1,0,22392
632548,2019-04-05,2019-04-05 20:51:18,view,web,112583,111818,112260,CPM,210.1,0,22392
547901,2019-04-05,2019-04-05 18:52:59,view,android,112583,111818,112260,CPM,210.1,0,22392
164370,2019-04-05,2019-04-05 09:18:53,view,android,112583,111818,112260,CPM,210.1,0,22392
857072,2019-04-04,2019-04-04 13:03:43,view,web,107729,107076,107728,CPM,190.9,0,39538534
302114,2019-04-05,2019-04-05 12:44:19,click,web,112583,111818,112260,CPM,210.1,0,22392
188399,2019-04-01,2019-04-01 17:30:11,view,web,16589,747,16588,CPM,212.7,0,109
259264,2019-04-02,2019-04-02 09:48:33,view,web,43929,30722,43929,CPM,182.9,0,4795566
468318,2019-04-05,2019-04-05 17:25:05,view,ios,112583,111818,112260,CPM,210.1,0,22392
709917,2019-04-04,2019-04-04 00:20:35,view,ios,43306,29302,43306,CPC,51.1,0,87082
379058,2019-04-05,2019-04-05 15:14:00,view,android,112583,111818,112260,CPM,210.1,0,22392
124958,2019-04-05,2019-04-05 07:50:07,click,android,112583,111818,112260,CPM,210.1,0,22392
210491,2019-04-05,2019-04-05 10:15:07,view,web,112583,111818,112260,CPM,210.1,0,22392
40007,2019-04-05,2019-04-04 23:01:34,view,ios,107729,107076,107728,CPM,190.9,0,39538534
673927,2019-04-06,2019-04-05 21:52:46,view,android,112583,111818,112260,CPM,210.1,0,22392
129152,2019-04-05,2019-04-05 08:00:49,view,android,112583,111818,112260,CPM,210.1,0,22392
498878,2019-04-03,2019-04-03 05:54:23,view,web,32386,21573,32381,CPM,202.0,0,11287
365889,2019-04-05,2019-04-05 14:52:09,click,android,112583,111818,112260,CPM,210.1,0,22392
938357,2019-04-04,2019-04-04 17:40:31,view,ios,107729,107076,107728,CPM,190.9,0,39538534
250354,2019-04-02,2019-04-02 05:31:11,view,android,103700,102908,103700,CPC,46.2,0,2017856
264293,2019-04-02,2019-04-02 11:50:30,view,android,116158,116092,116158,CPM,208.5,0,46707392
885654,2019-04-04,2019-04-04 14:41:14,view,web,120442,120413,120440,CPC,57.1,0,4965723
888368,2019-04-04,2019-04-04 14:49:02,view,ios,107729,107076,107728,CPM,190.9,0,39538534
927462,2019-04-04,2019-04-04 17:05:21,view,ios,107837,107340,107837,CPM,201.1,0,1540082
308888,2019-04-05,2019-04-05 12:58:11,view,android,112583,111818,112260,CPM,210.1,0,22392
687199,2019-04-06,2019-04-05 22:21:57,click,ios,112583,111818,112260,CPM,210.1,0,22392
511157,2019-04-03,2019-04-03 10:34:30,view,android,44034,31060,44034,CPM,185.4,0,10588
768915,2019-04-04,2019-04-04 07:40:29,view,web,45008,34519,45008,CPM,199.7,0,5254815
319867,2019-04-05,2019-04-05 13:24:09,view,android,111237,111095,111237,CPC,53.7,0,80194
444337,2019-04-05,2019-04-05 16:39:56,view,android,40486,25054,40481,CPM,191.7,0,91124
497086,2019-04-03,2019-04-03 02:43:53,view,android,42414,27362,42414,CPC,50.6,0,243406
893583,2019-04-04,2019-04-04 15:06:14,view,android,107837,107340,107837,CPM,201.1,0,1540082
571478,2019-04-03,2019-04-03 14:01:12,view,android,39191,23986,39191,CPM,207.2,0,1856904
717003,2019-04-04,2019-04-04 02:29:08,view,web,107729,107076,107728,CPM,190.9,0,39538534
334771,2019-04-05,2019-04-05 13:55:49,view,android,112583,111818,112260,CPM,210.1,0,22392
896153,2019-04-04,2019-04-04 15:14:23,view,android,22490,3707,22490,CPM,197.0,0,5920993
493998,2019-04-03,2019-04-02 23:18:02,view,web,19481,1859,19475,CPM,213.6,0,18271
287763,2019-04-05,2019-04-05 12:14:42,view,ios,28142,21115,28142,CPM,199.8,0,1852990
633423,2019-04-05,2019-04-05 20:53:28,view,ios,12530,221,12528,CPM,202.6,0,14712
824312,2019-04-04,2019-04-04 10:57:51,view,ios,107729,107076,107728,CPM,190.9,0,39538534
759197,2019-04-04,2019-04-04 06:44:58,view,android,107729,107076,107728,CPM,190.9,0,39538534
541124,2019-04-05,2019-04-05 18:42:36,view,ios,112583,111818,112260,CPM,210.1,0,22392
228298,2019-04-05,2019-04-05 10:58:31,view,ios,112583,111818,112260,CPM,210.1,0,22392
982715,2019-04-04,2019-04-04 20:04:55,view,ios,107729,107076,107728,CPM,190.9,0,39538534
460037,2019-04-05,2019-04-05 17:08:00,click,ios,112583,111818,112260,CPM,210.1,0,22392
946250,2019-04-04,2019-04-04 18:09:25,view,android,107729,107076,107728,CPM,190.9,0,39538534
799265,2019-04-04,2019-04-04 09:26:12,view,ios,107837,107340,107837,CPM,201.1,0,1540082
136734,2019-04-05,2019-04-05 08:18:33,view,web,112583,111818,112260,CPM,210.1,0,22392
929217,2019-04-04,2019-04-04 17:10:39,view,ios,107729,107076,107728,CPM,190.9,0,39538534
161728,2019-04-05,2019-04-05 09:12:28,view,android,28142,21115,28142,CPM,199.8,0,1852990
497406,2019-04-03,2019-04-03 03:48:28,view,web,46646,42779,46646,CPM,203.0,0,57598
812787,2019-04-04,2019-04-04 10:15:15,view,web,107837,107340,107837,CPM,201.1,0,1540082
615797,2019-04-05,2019-04-05 20:17:48,view,android,112583,111818,112260,CPM,210.1,0,22392
314733,2019-04-05,2019-04-05 13:13:28,view,android,98325,98070,98280,CPM,211.4,0,881688
706529,2019-04-04,2019-04-03 23:35:38,view,android,39191,23986,39191,CPM,207.2,0,1856904
732049,2019-04-06,2019-04-05 23:12:08,view,android,112583,111818,112260,CPM,210.1,0,22392
875745,2019-04-04,2019-04-04 14:07:39,view,android,107729,107076,107728,CPM,190.9,0,39538534
353564,2019-04-05,2019-04-05 14:38:30,view,android,112583,111818,112260,CPM,210.1,0,22392
419885,2019-04-02,2019-04-02 14:43:18,view,web,116158,116092,116158,CPM,208.5,0,46707392
85866,2019-04-05,2019-04-05 05:10:17,view,ios,112583,111818,112260,CPM,210.1,0,22392
226720,2019-04-05,2019-04-05 10:55:14,view,ios,112583,111818,112260,CPM,210.1,0,22392
864205,2019-04-04,2019-04-04 13:29:08,view,android,107729,107076,107728,CPM,190.9,0,39538534
637940,2019-04-05,2019-04-05 20:59:44,click,android,112583,111818,112260,CPM,210.1,0,22392
37378,2019-04-05,2019-04-04 22:52:25,view,ios,107729,107076,107728,CPM,190.9,0,39538534
27499,2019-04-05,2019-04-04 22:20:04,view,web,107729,107076,107728,CPM,190.9,0,39538534
749529,2019-04-04,2019-04-04 05:17:00,view,android,107729,107076,107728,CPM,190.9,0,39538534
51983,2019-04-05,2019-04-05 00:03:10,view,android,112583,111818,112260,CPM,210.1,0,22392
659263,2019-04-06,2019-04-05 21:23:20,view,android,112583,111818,112260,CPM,210.1,0,22392
840462,2019-04-04,2019-04-04 11:59:08,view,web,107729,107076,107728,CPM,190.9,0,39538534
724056,2019-04-06,2019-04-05 22:48:13,click,android,112583,111818,112260,CPM,210.1,0,22392
289696,2019-04-05,2019-04-05 12:18:24,view,web,112583,111818,112260,CPM,210.1,0,22392
194014,2019-04-01,2019-04-01 20:57:34,view,android,120410,120409,120409,CPC,53.9,0,446472
818918,2019-04-04,2019-04-04 10:38:26,view,ios,38410,23468,38409,CPM,197.1,0,421507
235832,2019-04-05,2019-04-05 11:18:16,view,android,37720,23200,37720,CPM,197.1,0,254654
566317,2019-04-03,2019-04-03 12:29:19,view,android,44366,32202,44365,CPM,225.9,0,31074
655235,2019-04-06,2019-04-05 21:15:46,view,web,112583,111818,112260,CPM,210.1,0,22392
597757,2019-04-05,2019-04-05 19:43:33,click,ios,112583,111818,112260,CPM,210.1,0,22392
407426,2019-04-05,2019-04-05 16:09:03,view,android,112583,111818,112260,CPM,210.1,0,22392
148125,2019-04-05,2019-04-05 08:42:34,view,android,42518,27548,42518,CPC,59.9,0,35336
83769,2019-04-05,2019-04-05 05:00:30,view,android,112583,111818,112260,CPM,210.1,0,22392
497239,2019-04-03,2019-04-03 03:19:09,view,ios,39191,23986,39191,CPM,207.2,0,1856904
891189,2019-04-04,2019-04-04 14:57:48,view,android,121765,121765,121765,CPM,222.3,0,179434
612667,2019-04-05,2019-04-05 20:13:01,view,android,112583,111818,112260,CPM,210.1,0,22392
997460,2019-04-04,2019-04-04 20:53:58,view,android,107729,107076,107728,CPM,190.9,0,39538534
20075,2019-04-05,2019-04-04 21:57:51,view,android,107729,107076,107728,CPM,190.9,0,39538534
104492,2019-04-05,2019-04-05 06:54:00,click,android,112583,111818,112260,CPM,210.1,0,22392
440652,2019-04-05,2019-04-05 16:34:21,view,ios,112583,111818,112260,CPM,210.1,0,22392
695360,2019-04-06,2019-04-05 22:38:47,click,ios,112583,111818,112260,CPM,210.1,0,22392
402950,2019-04-05,2019-04-05 16:00:40,view,android,112583,111818,112260,CPM,210.1,0,22392
975234,2019-04-04,2019-04-04 19:38:49,view,android,107729,107076,107728,CPM,190.9,0,39538534
910307,2019-04-04,2019-04-04 16:06:29,view,android,107729,107076,107728,CPM,190.9,0,39538534
819977,2019-04-04,2019-04-04 10:42:46,view,ios,120442,120413,120440,CPC,57.1,0,4965723
327175,2019-04-05,2019-04-05 13:41:19,view,ios,112583,111818,112260,CPM,210.1,0,22392
899597,2019-04-04,2019-04-04 15:28:04,view,android,107837,107340,107837,CPM,201.1,0,1540082
547574,2019-04-05,2019-04-05 18:52:51,view,ios,112583,111818,112260,CPM,210.1,0,22392
34980,2019-04-05,2019-04-04 22:44:52,view,android,107837,107340,107837,CPM,201.1,0,1540082
566090,2019-04-03,2019-04-03 12:25:07,view,ios,120538,120417,120519,CPC,48.7,0,271397
480549,2019-04-05,2019-04-05 17:46:39,view,web,112583,111818,112260,CPM,210.1,0,22392
596880,2019-04-05,2019-04-05 19:41:41,view,android,112583,111818,112260,CPM,210.1,0,22392
943743,2019-04-04,2019-04-04 17:57:59,view,android,107729,107076,107728,CPM,190.9,0,39538534
369526,2019-04-05,2019-04-05 14:58:55,click,web,112583,111818,112260,CPM,210.1,0,22392
968243,2019-04-04,2019-04-04 19:18:42,view,android,107729,107076,107728,CPM,190.9,0,39538534
160183,2019-04-05,2019-04-05 09:10:00,view,ios,38892,23715,38889,CPM,211.8,0,326926
242218,2019-04-05,2019-04-05 11:33:00,click,android,112583,111818,112260,CPM,210.1,0,22392
101223,2019-04-05,2019-04-05 06:41:04,view,android,112583,111818,112260,CPM,210.1,0,22392
395582,2019-04-05,2019-04-05 15:45:49,view,android,112583,111818,112260,CPM,210.1,0,22392
450761,2019-04-05,2019-04-05 16:53:48,view,ios,112583,111818,112260,CPM,210.1,0,22392
602873,2019-04-05,2019-04-05 19:51:19,view,android,38892,23715,38889,CPM,211.8,0,326926
960915,2019-04-04,2019-04-04 18:53:05,view,web,107729,107076,107728,CPM,190.9,0,39538534
866180,2019-04-04,2019-04-04 13:35:05,view,android,107729,107076,107728,CPM,190.9,0,39538534
899374,2019-04-04,2019-04-04 15:27:08,view,web,107729,107076,107728,CPM,190.9,0,39538534
775040,2019-04-04,2019-04-04 07:59:07,view,android,107729,107076,107728,CPM,190.9,0,39538534
727274,2019-04-06,2019-04-05 22:56:58,view,android,112583,111818,112260,CPM,210.1,0,22392
200652,2019-04-05,2019-04-05 09:53:09,view,web,35615,22315,35615,CPM,200.4,0,1090
445869,2019-04-05,2019-04-05 16:42:17,view,web,112583,111818,112260,CPM,210.1,0,22392
801736,2019-04-04,2019-04-04 09:33:19,view,android,107729,107076,107728,CPM,190.9,0,39538534
961234,2019-04-04,2019-04-04 18:54:51,view,ios,117396,117373,117396,CPM,198.3,0,268025
595105,2019-04-05,2019-04-05 19:38:20,view,ios,112583,111818,112260,CPM,210.1,0,22392
475636,2019-04-05,2019-04-05 17:41:11,view,android,112583,111818,112260,CPM,210.1,0,22392
451207,2019-04-05,2019-04-05 16:54:37,view,android,112583,111818,112260,CPM,210.1,0,22392
103240,2019-04-05,2019-04-05 06:50:15,view,ios,112583,111818,112260,CPM,210.1,0,22392
788214,2019-04-04,2019-04-04 08:42:16,view,android,107729,107076,107728,CPM,190.9,0,39538534
997007,2019-04-04,2019-04-04 20:52:43,view,android,107837,107340,107837,CPM,201.1,0,1540082
63025,2019-04-05,2019-04-05 01:25:00,click,android,112583,111818,112260,CPM,210.1,0,22392
409715,2019-04-05,2019-04-05 16:13:14,view,android,112583,111818,112260,CPM,210.1,0,22392
429495,2019-04-02,2019-04-02 18:06:03,view,web,117023,116676,117023,CPC,57.9,0,606712
354672,2019-04-05,2019-04-05 14:39:39,view,android,112583,111818,112260,CPM,210.1,0,22392
815191,2019-04-04,2019-04-04 10:26:25,view,ios,107729,107076,107728,CPM,190.9,0,39538534
812201,2019-04-04,2019-04-04 10:12:56,view,ios,45008,34519,45008,CPM,199.7,0,5254815
373945,2019-04-05,2019-04-05 15:05:49,view,android,112583,111818,112260,CPM,210.1,0,22392
639122,2019-04-03,2019-04-03 18:26:45,view,ios,39191,23986,39191,CPM,207.2,0,1856904
29675,2019-04-05,2019-04-04 22:28:28,view,web,107729,107076,107728,CPM,190.9,0,39538534
198040,2019-04-05,2019-04-05 09:45:31,view,ios,14617,430,14616,CPC,40.3,0,109704
816933,2019-04-04,2019-04-04 10:31:44,view,ios,107729,107076,107728,CPM,190.9,0,39538534
265768,2019-04-02,2019-04-02 12:26:28,view,android,114645,114542,114629,CPM,199.7,0,23673
932927,2019-04-04,2019-04-04 17:23:14,view,android,107729,107076,107728,CPM,190.9,0,39538534
494063,2019-04-03,2019-04-02 23:20:09,view,android,115665,115658,115665,CPM,205.5,0,649424
949570,2019-04-04,2019-04-04 18:18:04,view,web,107729,107076,107728,CPM,190.9,0,39538534
183557,2019-04-01,2019-04-01 13:56:28,view,ios,26269,14774,26269,CPM,213.9,1,112674
785996,2019-04-04,2019-04-04 08:35:09,view,ios,45008,34519,45008,CPM,199.7,0,5254815
412325,2019-04-05,2019-04-05 16:19:18,click,ios,112583,111818,112260,CPM,210.1,0,22392
425210,2019-04-02,2019-04-02 16:33:29,view,web,113912,113807,113912,CPC,48.3,0,512090
278256,2019-04-05,2019-04-05 11:58:33,click,android,112583,111818,112260,CPM,210.1,0,22392
635732,2019-04-05,2019-04-05 20:56:24,click,web,112583,111818,112260,CPM,210.1,0,22392
404626,2019-04-05,2019-04-05 16:03:28,view,android,112583,111818,112260,CPM,210.1,0,22392
313141,2019-04-05,2019-04-05 13:07:19,view,android,112583,111818,112260,CPM,210.1,0,22392
123723,2019-04-05,2019-04-05 07:46:01,view,android,112583,111818,112260,CPM,210.1,0,22392
722269,2019-04-06,2019-04-05 22:44:55,view,ios,112583,111818,112260,CPM,210.1,0,22392
644021,2019-04-03,2019-04-03 19:55:55,view,android,46263,40374,46263,CPM,189.2,0,62800
248409,2019-04-02,2019-04-02 00:55:59,view,ios,40792,25370,40791,CPM,180.4,0,26803
616106,2019-04-05,2019-04-05 20:18:32,view,android,112583,111818,112260,CPM,210.1,0,22392
66439,2019-04-05,2019-04-05 02:07:14,view,ios,112583,111818,112260,CPM,210.1,0,22392
883695,2019-04-04,2019-04-04 14:34:12,view,web,107729,107076,107728,CPM,190.9,0,39538534
180767,2019-04-01,2019-04-01 12:05:46,view,web,22737,4466,22737,CPC,46.3,0,116880
455039,2019-04-05,2019-04-05 17:00:04,view,web,112583,111818,112260,CPM,210.1,0,22392
65373,2019-04-05,2019-04-05 01:50:07,view,ios,28142,21115,28142,CPM,199.8,0,1852990
791522,2019-04-04,2019-04-04 08:54:21,view,android,45832,38159,45832,CPM,201.6,0,406575
636807,2019-04-05,2019-04-05 20:57:56,view,web,112583,111818,112260,CPM,210.1,0,22392
211041,2019-04-05,2019-04-05 10:16:44,view,web,45149,35107,45149,CPM,202.3,0,153325
828509,2019-04-04,2019-04-04 11:13:00,view,ios,105629,105607,105607,CPM,209.2,0,101937
412208,2019-04-05,2019-04-05 16:18:55,view,android,112583,111818,112260,CPM,210.1,0,22392
989560,2019-04-04,2019-04-04 20:29:08,view,android,107087,106776,107087,CPM,187.6,0,98386
563215,2019-04-03,2019-04-03 11:32:26,view,ios,121222,121023,121221,CPM,192.8,0,54712
539729,2019-04-05,2019-04-05 18:39:00,view,android,112583,111818,112260,CPM,210.1,0,22392
410399,2019-04-05,2019-04-05 16:14:59,view,android,112583,111818,112260,CPM,210.1,0,22392
29097,2019-04-05,2019-04-04 22:25:47,view,ios,107837,107340,107837,CPM,201.1,0,1540082
177093,2019-04-01,2019-04-01 09:29:28,view,ios,45539,36714,45539,CPM,195.0,0,9654
607914,2019-04-05,2019-04-05 20:03:37,view,ios,112583,111818,112260,CPM,210.1,0,22392
769669,2019-04-04,2019-04-04 07:44:38,view,android,107729,107076,107728,CPM,190.9,0,39538534
687095,2019-04-06,2019-04-05 22:21:50,view,ios,38892,23715,38889,CPM,211.8,0,326926
633041,2019-04-05,2019-04-05 20:53:00,view,android,112583,111818,112260,CPM,210.1,0,22392
359539,2019-04-05,2019-04-05 14:44:11,click,ios,112583,111818,112260,CPM,210.1,0,22392
20418,2019-04-05,2019-04-04 21:58:12,view,android,107729,107076,107728,CPM,190.9,0,39538534
428708,2019-04-02,2019-04-02 17:47:46,view,web,30125,21285,30125,CPM,210.8,0,4909
302847,2019-04-05,2019-04-05 12:45:40,view,android,112583,111818,112260,CPM,210.1,0,22392
130851,2019-04-05,2019-04-05 08:04:24,view,android,112583,111818,112260,CPM,210.1,0,22392
556235,2019-04-05,2019-04-05 19:11:10,view,web,112583,111818,112260,CPM,210.1,0,22392
386991,2019-04-05,2019-04-05 15:29:19,view,ios,112583,111818,112260,CPM,210.1,0,22392
952985,2019-04-04,2019-04-04 18:29:02,view,ios,107729,107076,107728,CPM,190.9,0,39538534
54631,2019-04-05,2019-04-05 00:17:53,view,android,112583,111818,112260,CPM,210.1,0,22392
521360,2019-04-05,2019-04-05 18:08:08,click,android,112583,111818,112260,CPM,210.1,0,22392
465331,2019-04-05,2019-04-05 17:18:22,view,ios,112583,111818,112260,CPM,210.1,0,22392
455339,2019-04-05,2019-04-05 17:00:18,view,ios,112583,111818,112260,CPM,210.1,0,22392
719644,2019-04-04,2019-04-04 03:50:17,view,ios,45816,38066,45816,CPM,193.1,0,119568
5973,2019-04-05,2019-04-04 21:18:23,view,ios,107729,107076,107728,CPM,190.9,0,39538534
324501,2019-04-05,2019-04-05 13:33:50,click,ios,112583,111818,112260,CPM,210.1,0,22392
51515,2019-04-05,2019-04-05 00:01:44,view,ios,112583,111818,112260,CPM,210.1,0,22392
536728,2019-04-05,2019-04-05 18:33:21,view,android,112583,111818,112260,CPM,210.1,0,22392
354695,2019-04-05,2019-04-05 14:39:39,view,android,112583,111818,112260,CPM,210.1,0,22392
891702,2019-04-04,2019-04-04 15:00:20,view,ios,107729,107076,107728,CPM,190.9,0,39538534
236224,2019-04-05,2019-04-05 11:19:16,view,ios,112583,111818,112260,CPM,210.1,0,22392
826801,2019-04-04,2019-04-04 11:05:56,view,android,114643,114542,114629,CPM,192.6,0,5013
276465,2019-04-05,2019-04-05 11:55:18,click,android,112583,111818,112260,CPM,210.1,0,22392
926101,2019-04-04,2019-04-04 16:59:45,view,ios,45008,34519,45008,CPM,199.7,0,5254815
679113,2019-04-06,2019-04-05 22:04:04,view,android,28142,21115,28142,CPM,199.8,0,1852990
19476,2019-04-05,2019-04-04 21:56:56,view,android,107729,107076,107728,CPM,190.9,0,39538534
853764,2019-04-04,2019-04-04 12:52:50,view,android,107729,107076,107728,CPM,190.9,0,39538534
964972,2019-04-04,2019-04-04 19:07:31,view,android,107729,107076,107728,CPM,190.9,0,39538534
685938,2019-04-06,2019-04-05 22:17:41,view,web,112583,111818,112260,CPM,210.1,0,22392
351590,2019-04-05,2019-04-05 14:33:12,view,ios,112583,111818,112260,CPM,210.1,0,22392
142784,2019-04-05,2019-04-05 08:32:24,view,android,112583,111818,112260,CPM,210.1,0,22392
656189,2019-04-06,2019-04-05 21:17:45,click,android,112583,111818,112260,CPM,210.1,0,22392
960933,2019-04-04,2019-04-04 18:53:25,view,web,45008,34519,45008,CPM,199.7,0,5254815
134292,2019-04-05,2019-04-05 08:12:50,view,android,112583,111818,112260,CPM,210.1,0,22392
299867,2019-04-05,2019-04-05 12:39:15,click,android,112583,111818,112260,CPM,210.1,0,22392
548081,2019-04-05,2019-04-05 18:53:19,click,ios,112583,111818,112260,CPM,210.1,0,22392
487501,2019-04-03,2019-04-02 21:11:34,view,android,33064,21693,33064,CPM,195.7,0,33356
357429,2019-04-05,2019-04-05 14:41:05,click,ios,112583,111818,112260,CPM,210.1,0,22392
654875,2019-04-06,2019-04-05 21:14:53,view,ios,28142,21115,28142,CPM,199.8,0,1852990
608955,2019-04-05,2019-04-05 20:06:16,view,android,112583,111818,112260,CPM,210.1,0,22392
895814,2019-04-04,2019-04-04 15:13:43,view,android,107729,107076,107728,CPM,190.9,0,39538534
784357,2019-04-04,2019-04-04 08:31:13,view,web,107729,107076,107728,CPM,190.9,0,39538534
80746,2019-04-05,2019-04-05 04:32:14,view,ios,104712,104695,104695,CPM,200.4,0,20937
268786,2019-04-05,2019-04-05 11:37:37,view,android,17433,1000,17432,CPM,205.0,0,217062
775143,2019-04-04,2019-04-04 08:00:04,view,ios,22490,3707,22490,CPM,197.0,0,5920993
36515,2019-04-05,2019-04-04 22:50:24,view,android,107729,107076,107728,CPM,190.9,0,39538534
646657,2019-04-03,2019-04-03 20:35:10,view,android,116718,116474,116718,CPM,203.0,0,5159031
132272,2019-04-05,2019-04-05 08:08:35,view,ios,112583,111818,112260,CPM,210.1,0,22392
612156,2019-04-05,2019-04-05 20:11:54,click,android,112583,111818,112260,CPM,210.1,0,22392
168494,2019-04-05,2019-04-05 09:26:19,click,web,112583,111818,112260,CPM,210.1,0,22392
210612,2019-04-05,2019-04-05 10:15:08,view,android,112583,111818,112260,CPM,210.1,0,22392
832777,2019-04-04,2019-04-04 11:29:11,view,ios,107729,107076,107728,CPM,190.9,0,39538534
715942,2019-04-04,2019-04-04 02:08:11,view,android,42732,27908,42732,CPM,187.9,0,693308
911381,2019-04-04,2019-04-04 16:10:13,view,web,22679,4245,22679,CPM,199.8,0,853058
398452,2019-04-05,2019-04-05 15:51:56,view,android,112583,111818,112260,CPM,210.1,0,22392
276234,2019-04-05,2019-04-05 11:55:03,click,android,112583,111818,112260,CPM,210.1,0,22392
984606,2019-04-04,2019-04-04 20:10:08,view,web,107729,107076,107728,CPM,190.9,0,39538534
869981,2019-04-04,2019-04-04 13:49:00,view,android,45008,34519,45008,CPM,199.7,0,5254815
657425,2019-04-06,2019-04-05 21:19:30,view,android,112583,111818,112260,CPM,210.1,0,22392
953249,2019-04-04,2019-04-04 18:29:56,view,ios,107729,107076,107728,CPM,190.9,0,39538534
254834,2019-04-02,2019-04-02 08:18:01,view,ios,37118,22895,37114,CPM,184.0,0,26709
626037,2019-04-05,2019-04-05 20:37:48,view,android,119161,119122,119137,CPM,205.3,0,44924
92277,2019-04-05,2019-04-05 05:55:51,view,web,112583,111818,112260,CPM,210.1,0,22392
678038,2019-04-06,2019-04-05 22:02:23,view,android,112583,111818,112260,CPM,210.1,0,22392
303447,2019-04-05,2019-04-05 12:46:48,view,android,28142,21115,28142,CPM,199.8,0,1852990
447768,2019-04-05,2019-04-05 16:46:39,view,web,112583,111818,112260,CPM,210.1,0,22392
249888,2019-04-02,2019-04-02 04:53:08,view,android,32275,21559,32274,CPM,198.1,0,63780509
682677,2019-04-06,2019-04-05 22:12:30,view,ios,112583,111818,112260,CPM,210.1,0,22392
997001,2019-04-04,2019-04-04 20:52:43,view,android,107729,107076,107728,CPM,190.9,0,39538534
824158,2019-04-04,2019-04-04 10:57:40,view,web,105830,105608,105672,CPC,40.7,0,651042
721129,2019-04-04,2019-04-04 04:22:03,view,web,107837,107340,107837,CPM,201.1,0,1540082
143605,2019-04-05,2019-04-05 08:33:34,view,web,112583,111818,112260,CPM,210.1,0,22392
671718,2019-04-06,2019-04-05 21:47:59,view,ios,112583,111818,112260,CPM,210.1,0,22392
576296,2019-04-03,2019-04-03 15:31:23,view,ios,39191,23986,39191,CPM,207.2,0,1856904
790583,2019-04-04,2019-04-04 08:50:21,view,ios,107837,107340,107837,CPM,201.1,0,1540082
169069,2019-04-05,2019-04-05 09:27:44,view,android,112583,111818,112260,CPM,210.1,0,22392
175385,2019-04-01,2019-04-01 08:02:04,view,android,3,1,1,CPC,46.7,0,45035
169706,2019-04-05,2019-04-05 09:30:41,click,android,112583,111818,112260,CPM,210.1,0,22392
882704,2019-04-04,2019-04-04 14:30:52,view,ios,107729,107076,107728,CPM,190.9,0,39538534
425145,2019-04-02,2019-04-02 16:32:41,view,ios,7494,45,7486,CPM,206.3,0,4997
72150,2019-04-05,2019-04-05 02:45:38,view,web,110024,109903,110017,CPM,194.3,0,20475
580263,2019-04-03,2019-04-03 16:44:35,view,android,39191,23986,39191,CPM,207.2,0,1856904
448944,2019-04-05,2019-04-05 16:49:36,view,web,28142,21115,28142,CPM,199.8,0,1852990
831708,2019-04-04,2019-04-04 11:24:29,view,android,45008,34519,45008,CPM,199.7,0,5254815
566669,2019-04-03,2019-04-03 12:34:42,view,android,39191,23986,39191,CPM,207.2,0,1856904
69058,2019-04-05,2019-04-05 02:44:02,view,ios,112583,111818,112260,CPM,210.1,0,22392
189684,2019-04-01,2019-04-01 18:29:00,view,android,27851,21095,27851,CPM,208.2,0,54572
81388,2019-04-05,2019-04-05 04:37:13,click,android,112583,111818,112260,CPM,210.1,0,22392
258831,2019-04-02,2019-04-02 09:39:55,view,ios,114886,114880,114884,CPC,49.1,0,14260
754893,2019-04-04,2019-04-04 06:19:21,view,android,107729,107076,107728,CPM,190.9,0,39538534
22567,2019-04-05,2019-04-04 22:05:08,view,ios,45008,34519,45008,CPM,199.7,0,5254815
876711,2019-04-04,2019-04-04 14:10:05,view,android,107729,107076,107728,CPM,190.9,0,39538534
880752,2019-04-04,2019-04-04 14:24:07,view,android,107837,107340,107837,CPM,201.1,0,1540082
350743,2019-04-05,2019-04-05 14:31:50,click,web,112583,111818,112260,CPM,210.1,0,22392
542153,2019-04-05,2019-04-05 18:44:36,view,ios,112583,111818,112260,CPM,210.1,0,22392
568743,2019-04-03,2019-04-03 13:10:24,view,web,116718,116474,116718,CPM,203.0,0,5159031
771301,2019-04-06,2019-04-05 23:51:48,view,web,112583,111818,112260,CPM,210.1,0,22392
358643,2019-04-05,2019-04-05 14:43:00,view,ios,28142,21115,28142,CPM,199.8,0,1852990
936488,2019-04-04,2019-04-04 17:35:06,view,ios,107837,107340,107837,CPM,201.1,0,1540082
452875,2019-04-05,2019-04-05 16:57:31,view,ios,38892,23715,38889,CPM,211.8,0,326926
499143,2019-04-03,2019-04-03 06:06:16,view,android,39191,23986,39191,CPM,207.2,0,1856904
99052,2019-04-05,2019-04-05 06:33:24,view,android,112583,111818,112260,CPM,210.1,0,22392
726169,2019-04-06,2019-04-05 22:55:11,view,ios,42518,27548,42518,CPC,59.9,0,35336
843841,2019-04-04,2019-04-04 12:13:57,view,ios,107837,107340,107837,CPM,201.1,0,1540082
51340,2019-04-05,2019-04-05 00:01:15,view,android,112583,111818,112260,CPM,210.1,0,22392
918495,2019-04-04,2019-04-04 16:32:34,view,android,107729,107076,107728,CPM,190.9,0,39538534
455123,2019-04-05,2019-04-05 17:00:04,view,ios,112583,111818,112260,CPM,210.1,0,22392
446980,2019-04-05,2019-04-05 16:44:38,view,ios,112583,111818,112260,CPM,210.1,0,22392
534634,2019-04-05,2019-04-05 18:29:55,view,ios,112583,111818,112260,CPM,210.1,0,22392
965318,2019-04-04,2019-04-04 19:08:39,view,android,107729,107076,107728,CPM,190.9,0,39538534
963218,2019-04-04,2019-04-04 19:01:56,view,android,107729,107076,107728,CPM,190.9,0,39538534
963256,2019-04-04,2019-04-04 19:02:31,view,web,45008,34519,45008,CPM,199.7,0,5254815
854548,2019-04-04,2019-04-04 12:55:35,view,android,22737,4466,22737,CPC,46.3,0,116880
459887,2019-04-05,2019-04-05 17:07:21,view,ios,121309,121308,121308,CPM,204.7,0,714296
246592,2019-04-02,2019-04-01 22:55:00,view,ios,4922,37,4400,CPC,60.1,0,1183501
959891,2019-04-04,2019-04-04 18:49:17,view,ios,107837,107340,107837,CPM,201.1,0,1540082
709325,2019-04-04,2019-04-04 00:16:49,view,ios,107729,107076,107728,CPM,190.9,0,39538534
553997,2019-04-05,2019-04-05 19:06:33,view,android,112583,111818,112260,CPM,210.1,0,22392
74512,2019-04-05,2019-04-05 02:58:59,view,android,112583,111818,112260,CPM,210.1,0,22392
155617,2019-04-05,2019-04-05 08:58:42,view,android,112583,111818,112260,CPM,210.1,0,22392
174908,2019-04-01,2019-04-01 07:28:35,view,ios,112320,111818,112258,CPC,47.5,0,142511
943681,2019-04-04,2019-04-04 17:57:51,view,ios,107729,107076,107728,CPM,190.9,0,39538534
565909,2019-04-03,2019-04-03 12:21:27,view,android,120538,120417,120519,CPC,48.7,0,271397
146348,2019-04-05,2019-04-05 08:39:39,view,android,37809,23219,37809,CPM,192.0,0,772494
541346,2019-04-05,2019-04-05 18:43:14,view,ios,112583,111818,112260,CPM,210.1,0,22392
46200,2019-04-05,2019-04-04 23:33:10,view,ios,22490,3707,22490,CPM,197.0,0,5920993
272162,2019-04-05,2019-04-05 11:45:06,view,android,44685,33292,44685,CPM,211.5,0,1134675
461563,2019-04-05,2019-04-05 17:11:07,view,android,112583,111818,112260,CPM,210.1,0,22392
50645,2019-04-05,2019-04-04 23:57:45,view,ios,45769,37828,45769,CPM,197.6,0,130509
284666,2019-04-05,2019-04-05 12:10:02,view,ios,112583,111818,112260,CPM,210.1,0,22392
329878,2019-04-05,2019-04-05 13:45:43,view,web,112583,111818,112260,CPM,210.1,0,22392
294738,2019-04-05,2019-04-05 12:27:55,view,ios,29881,21259,29864,CPM,190.3,0,4353731
749897,2019-04-04,2019-04-04 05:23:05,view,web,107729,107076,107728,CPM,190.9,0,39538534
301192,2019-04-05,2019-04-05 12:42:50,view,web,112583,111818,112260,CPM,210.1,0,22392
826009,2019-04-04,2019-04-04 11:04:18,view,web,107729,107076,107728,CPM,190.9,0,39538534
84302,2019-04-05,2019-04-05 05:02:47,click,android,112583,111818,112260,CPM,210.1,0,22392
216938,2019-04-05,2019-04-05 10:30:23,click,android,112583,111818,112260,CPM,210.1,0,22392
147244,2019-04-05,2019-04-05 08:41:21,view,android,112583,111818,112260,CPM,210.1,0,22392
371472,2019-04-05,2019-04-05 15:01:50,view,android,112583,111818,112260,CPM,210.1,0,22392
165903,2019-04-05,2019-04-05 09:22:43,view,android,112583,111818,112260,CPM,210.1,0,22392
660240,2019-04-06,2019-04-05 21:24:28,click,android,112583,111818,112260,CPM,210.1,0,22392
975254,2019-04-04,2019-04-04 19:38:49,view,android,107837,107340,107837,CPM,201.1,0,1540082
196713,2019-04-05,2019-04-05 09:42:21,click,android,112583,111818,112260,CPM,210.1,0,22392
900212,2019-04-04,2019-04-04 15:29:33,view,web,106009,105613,105969,CPC,45.4,0,57557
70161,2019-04-05,2019-04-05 02:45:11,click,ios,112583,111818,112260,CPM,210.1,0,22392
478749,2019-04-05,2019-04-05 17:44:20,click,android,112583,111818,112260,CPM,210.1,0,22392
455763,2019-04-05,2019-04-05 17:01:07,view,android,47178,46621,47178,CPC,43.1,0,52401
403699,2019-04-05,2019-04-05 16:01:50,click,android,112583,111818,112260,CPM,210.1,0,22392
90623,2019-04-05,2019-04-05 05:44:36,view,web,112583,111818,112260,CPM,210.1,0,22392
39533,2019-04-05,2019-04-04 23:00:09,view,android,107837,107340,107837,CPM,201.1,0,1540082
205939,2019-04-05,2019-04-05 10:04:51,view,ios,112583,111818,112260,CPM,210.1,0,22392
87061,2019-04-05,2019-04-05 05:17:42,view,android,6338,42,5822,CPC,45.5,0,349455
841750,2019-04-04,2019-04-04 12:05:21,view,ios,107729,107076,107728,CPM,190.9,0,39538534
447827,2019-04-05,2019-04-05 16:46:54,view,android,112583,111818,112260,CPM,210.1,0,22392
581357,2019-04-03,2019-04-03 17:06:04,view,android,44949,34283,44949,CPM,194.0,1,18193
69186,2019-04-05,2019-04-05 02:44:51,view,android,37720,23200,37720,CPM,197.1,0,254654
271721,2019-04-05,2019-04-05 11:43:58,click,android,112583,111818,112260,CPM,210.1,0,22392
208348,2019-04-05,2019-04-05 10:09:35,click,ios,112583,111818,112260,CPM,210.1,0,22392
74390,2019-04-05,2019-04-05 02:55:19,view,ios,112583,111818,112260,CPM,210.1,0,22392
832003,2019-04-04,2019-04-04 11:25:43,view,ios,107729,107076,107728,CPM,190.9,0,39538534
809623,2019-04-04,2019-04-04 09:59:42,view,android,107837,107340,107837,CPM,201.1,0,1540082
360359,2019-04-05,2019-04-05 14:45:34,view,web,28142,21115,28142,CPM,199.8,0,1852990
40385,2019-04-05,2019-04-04 23:03:01,view,web,107729,107076,107728,CPM,190.9,0,39538534
693265,2019-04-06,2019-04-05 22:34:22,click,android,112583,111818,112260,CPM,210.1,0,22392
522601,2019-04-05,2019-04-05 18:10:25,click,ios,112583,111818,112260,CPM,210.1,0,22392
398090,2019-04-05,2019-04-05 15:50:36,view,ios,112583,111818,112260,CPM,210.1,0,22392
281124,2019-04-05,2019-04-05 12:02:00,view,android,37720,23200,37720,CPM,197.1,0,254654
570294,2019-04-03,2019-04-03 13:40:09,view,web,39191,23986,39191,CPM,207.2,0,1856904
773229,2019-04-06,2019-04-05 23:59:12,view,android,110120,110114,110114,CPM,206.4,0,211409
704811,2019-04-04,2019-04-03 23:00:52,view,ios,42161,26902,42161,CPM,183.2,0,2006
539132,2019-04-05,2019-04-05 18:38:22,view,ios,112583,111818,112260,CPM,210.1,0,22392
785168,2019-04-04,2019-04-04 08:33:00,view,web,45008,34519,45008,CPM,199.7,0,5254815
892149,2019-04-04,2019-04-04 15:01:23,view,web,107729,107076,107728,CPM,190.9,0,39538534
831795,2019-04-04,2019-04-04 11:24:39,view,android,107729,107076,107728,CPM,190.9,0,39538534
458396,2019-04-05,2019-04-05 17:04:16,view,android,112583,111818,112260,CPM,210.1,0,22392
920376,2019-04-04,2019-04-04 16:39:10,view,ios,107729,107076,107728,CPM,190.9,0,39538534
163715,2019-04-05,2019-04-05 09:16:47,view,web,112583,111818,112260,CPM,210.1,0,22392
240443,2019-04-05,2019-04-05 11:28:42,view,android,112583,111818,112260,CPM,210.1,0,22392
297782,2019-04-05,2019-04-05 12:34:37,view,android,112583,111818,112260,CPM,210.1,0,22392
656574,2019-04-06,2019-04-05 21:18:11,view,web,112583,111818,112260,CPM,210.1,0,22392
61323,2019-04-05,2019-04-05 01:07:25,view,web,28142,21115,28142,CPM,199.8,0,1852990
571333,2019-04-03,2019-04-03 13:58:37,view,android,39191,23986,39191,CPM,207.2,0,1856904
871518,2019-04-04,2019-04-04 13:54:58,view,ios,107729,107076,107728,CPM,190.9,0,39538534
7500,2019-04-05,2019-04-04 21:22:28,view,android,107837,107340,107837,CPM,201.1,0,1540082
479240,2019-04-05,2019-04-05 17:44:52,view,android,112583,111818,112260,CPM,210.1,0,22392
355176,2019-04-05,2019-04-05 14:39:59,view,android,112583,111818,112260,CPM,210.1,0,22392
747921,2019-04-04,2019-04-04 05:01:19,view,web,107729,107076,107728,CPM,190.9,0,39538534
490191,2019-04-03,2019-04-02 21:56:22,view,ios,43929,30722,43929,CPM,182.9,0,4795566
475642,2019-04-05,2019-04-05 17:41:14,view,web,27923,21101,27923,CPM,210.0,0,10253
709430,2019-04-04,2019-04-04 00:17:05,view,android,29906,21261,29896,CPM,199.1,0,75120
962179,2019-04-04,2019-04-04 18:58:13,view,android,2709,20,2464,CPM,191.5,0,165373
4161,2019-04-05,2019-04-04 21:11:42,view,web,107729,107076,107728,CPM,190.9,0,39538534
444588,2019-04-05,2019-04-05 16:40:07,view,ios,112583,111818,112260,CPM,210.1,0,22392
652415,2019-04-06,2019-04-05 21:09:21,view,android,112583,111818,112260,CPM,210.1,0,22392
378440,2019-04-05,2019-04-05 15:12:30,view,android,113475,113447,113475,CPM,198.9,0,198770
415212,2019-04-05,2019-04-05 16:28:00,view,android,112583,111818,112260,CPM,210.1,0,22392
671551,2019-04-06,2019-04-05 21:47:38,view,android,112583,111818,112260,CPM,210.1,0,22392
455064,2019-04-05,2019-04-05 17:00:04,click,android,112583,111818,112260,CPM,210.1,0,22392
771646,2019-04-06,2019-04-05 23:53:03,click,android,112583,111818,112260,CPM,210.1,0,22392
684304,2019-04-06,2019-04-05 22:15:21,view,ios,38892,23715,38889,CPM,211.8,0,326926
235159,2019-04-05,2019-04-05 11:16:26,view,ios,112583,111818,112260,CPM,210.1,0,22392
39468,2019-04-05,2019-04-04 22:59:45,view,web,107729,107076,107728,CPM,190.9,0,39538534
317715,2019-04-05,2019-04-05 13:18:37,view,web,112583,111818,112260,CPM,210.1,0,22392
197687,2019-04-05,2019-04-05 09:44:55,view,android,112583,111818,112260,CPM,210.1,0,22392
975831,2019-04-04,2019-04-04 19:42:05,view,android,107729,107076,107728,CPM,190.9,0,39538534
238959,2019-04-05,2019-04-05 11:25:12,click,android,112583,111818,112260,CPM,210.1,0,22392
550872,2019-04-05,2019-04-05 19:00:49,view,ios,37720,23200,37720,CPM,197.1,0,254654
713059,2019-04-04,2019-04-04 00:57:23,view,web,107729,107076,107728,CPM,190.9,0,39538534
891966,2019-04-04,2019-04-04 15:00:32,view,android,107729,107076,107728,CPM,190.9,0,39538534
583292,2019-04-03,2019-04-03 17:35:31,view,android,39191,23986,39191,CPM,207.2,0,1856904
512172,2019-04-05,2019-04-05 17:55:31,view,android,112583,111818,112260,CPM,210.1,0,22392
429405,2019-04-02,2019-04-02 18:03:59,view,android,119859,119859,119859,CPM,205.5,0,42228
311376,2019-04-05,2019-04-05 13:03:15,view,ios,117174,117150,117174,CPM,198.1,0,370677
467482,2019-04-05,2019-04-05 17:22:28,click,android,112583,111818,112260,CPM,210.1,0,22392
118835,2019-04-05,2019-04-05 07:33:02,click,android,112583,111818,112260,CPM,210.1,0,22392
540419,2019-04-05,2019-04-05 18:40:35,view,android,112583,111818,112260,CPM,210.1,0,22392
288431,2019-04-05,2019-04-05 12:16:16,click,ios,112583,111818,112260,CPM,210.1,0,22392
